match_id,giornata,season,date_str,home_team,home_team_code,away_team,away_team_code,home_score,away_score,status,difficolta_home,difficolta_away
2026_G01_UDI_COM,1,2026/2027,Sat Aug 22 2026 18:30,Udinese,UDI,Como,COM,1,1,FINISHED,1,1
2026_G01_INT_MON,1,2026/2027,Sat Aug 22 2026 15:00,Inter,INT,Monza,MON,4,1,FINISHED,1,3
2026_G01_GEN_NAP,1,2026/2027,Sat Aug 22 2026 20:45,Genoa,GEN,Napoli,NAP,0,2,FINISHED,3,1
2026_G01_PAR_CAG,1,2026/2027,Sat Aug 22 2026 15:00,Parma,PAR,Cagliari,CAG,0,1,FINISHED,1,1
2026_G01_EMP_JUV,1,2026/2027,Sun Aug 23 18:30,Empoli,EMP,Juventus,JUV,0,1,FINISHED,3,1
2026_G01_VEN_LEC,1,2026/2027,Sun Aug 23 15:00,Venezia,VEN,Lecce,LEC,0,2,FINISHED,1,1
2026_G01_ATA_VER,1,2026/2027,Sun Aug 23 20:45,Atalanta,ATA,Verona,VER,2,1,FINISHED,1,3
2026_G01_TOR_MIL,1,2026/2027,Sun Aug 23 15:00,Torino,TOR,Milan,MIL,1,2,FINISHED,3,2
2026_G01_BOL_LAZ,1,2026/2027,Mon Aug 24 18:30,Bologna,BOL,Lazio,LAZ,0,1,FINISHED,2,2
2026_G01_ROM_FIO,1,2026/2027,Mon Aug 24 20:45,Roma,ROM,Fiorentina,FIO,4,0,FINISHED,2,2
2026_G02_MIL_VEN,2,2026/2027,Fri Aug 28 20:45,Milan,MIL,Venezia,VEN,2,0,FINISHED,1,3
2026_G02_VER_TOR,2,2026/2027,Sat Aug 29 18:30,Verona,VER,Torino,TOR,2,1,FINISHED,2,1
2026_G02_MON_UDI,2,2026/2027,Sat Aug 29 15:00,Monza,MON,Udinese,UDI,2,3,FINISHED,1,1
2026_G02_FIO_EMP,2,2026/2027,Sat Aug 29 15:00,Fiorentina,FIO,Empoli,EMP,0,3,FINISHED,1,2
2026_G02_JUV_PAR,2,2026/2027,Sat Aug 29 20:45,Juventus,JUV,Parma,PAR,2,0,FINISHED,1,3
2026_G02_NAP_COM,2,2026/2027,Sun Aug 30 18:30,Napoli,NAP,Como,COM,1,2,FINISHED,1,3
2026_G02_LAZ_GEN,2,2026/2027,Sun Aug 30 20:45,Lazio,LAZ,Genoa,GEN,1,0,FINISHED,1,2
2026_G02_CAG_INT,2,2026/2027,Sun Aug 30 15:00,Cagliari,CAG,Inter,INT,0,1,FINISHED,3,1
2026_G02_LEC_ROM,2,2026/2027,Mon Aug 31 18:30,Lecce,LEC,Roma,ROM,0,4,FINISHED,2,1
2026_G02_ATA_BOL,2,2026/2027,Mon Aug 31 20:45,Atalanta,ATA,Bologna,BOL,1,0,FINISHED,2,3
2026_G03_GEN_COM,3,2026/2027,Fri Sep 4 20:45,Genoa,GEN,Como,COM,,,SCHEDULED,1,1
2026_G03_FIO_TOR,3,2026/2027,Sat Sep 5 15:00,Fiorentina,FIO,Torino,TOR,,,SCHEDULED,2,2
2026_G03_INT_NAP,3,2026/2027,Sat Sep 5 18:00,Inter,INT,Napoli,NAP,,,SCHEDULED,3,3
2026_G03_ROM_ATA,3,2026/2027,Sat Sep 5 20:45,Roma,ROM,Atalanta,ATA,,,SCHEDULED,3,2
2026_G03_PAR_MON,3,2026/2027,Sun Sep 6 15:00,Parma,PAR,Monza,MON,,,SCHEDULED,1,1
2026_G03_EMP_VEN,3,2026/2027,Sun Sep 6 15:00,Empoli,EMP,Venezia,VEN,,,SCHEDULED,1,1
2026_G03_BOL_VER,3,2026/2027,Sun Sep 6 18:00,Bologna,BOL,Verona,VER,,,SCHEDULED,1,2
2026_G03_JUV_MIL,3,2026/2027,Sun Sep 6 20:45,Juventus,JUV,Milan,MIL,,,SCHEDULED,3,3
2026_G03_CAG_LEC,3,2026/2027,Mon Sep 7 18:30,Cagliari,CAG,Lecce,LEC,,,SCHEDULED,1,1
2026_G03_UDI_LAZ,3,2026/2027,Mon Sep 7 20:45,Udinese,UDI,Lazio,LAZ,,,SCHEDULED,2,1
2026_G04_VEN_FIO,4,2026/2027,Fri Sep 11 20:45,Venezia,VEN,Fiorentina,FIO,,,SCHEDULED,2,1
2026_G04_GEN_EMP,4,2026/2027,Sat Sep 12 15:00,Genoa,GEN,Empoli,EMP,,,SCHEDULED,1,1
2026_G04_LAZ_MIL,4,2026/2027,Sat Sep 12 18:00,Lazio,LAZ,Milan,MIL,,,SCHEDULED,3,2
2026_G04_ATA_CAG,4,2026/2027,Sat Sep 12 20:45,Atalanta,ATA,Cagliari,CAG,,,SCHEDULED,1,3
2026_G04_LEC_MON,4,2026/2027,Sun Sep 13 15:00,Lecce,LEC,Monza,MON,,,SCHEDULED,1,1
2026_G04_NAP_BOL,4,2026/2027,Sun Sep 13 18:00,Napoli,NAP,Bologna,BOL,,,SCHEDULED,2,3
2026_G04_VER_JUV,4,2026/2027,Sun Sep 13 20:45,Verona,VER,Juventus,JUV,,,SCHEDULED,3,1
2026_G04_COM_PAR,4,2026/2027,Mon Sep 14 18:30,Como,COM,Parma,PAR,,,SCHEDULED,1,1
2026_G04_TOR_ROM,4,2026/2027,Mon Sep 14 15:00,Torino,TOR,Roma,ROM,,,SCHEDULED,2,2
2026_G04_INT_UDI,4,2026/2027,Mon Sep 14 20:45,Inter,INT,Udinese,UDI,,,SCHEDULED,1,3
2026_G05_MON_VER,5,2026/2027,Fri Sep 18 20:45,Monza,MON,Verona,VER,,,SCHEDULED,1,1
2026_G05_BOL_TOR,5,2026/2027,Sat Sep 19 15:00,Bologna,BOL,Torino,TOR,,,SCHEDULED,2,2
2026_G05_UDI_CAG,5,2026/2027,Sat Sep 19 15:00,Udinese,UDI,Cagliari,CAG,,,SCHEDULED,1,1
2026_G05_ROM_INT,5,2026/2027,Sat Sep 19 18:00,Roma,ROM,Inter,INT,,,SCHEDULED,3,2
2026_G05_VEN_LAZ,5,2026/2027,Sat Sep 19 20:45,Venezia,VEN,Lazio,LAZ,,,SCHEDULED,2,1
2026_G05_FIO_NAP,5,2026/2027,Sun Sep 20 12:30,Fiorentina,FIO,Napoli,NAP,,,SCHEDULED,3,2
2026_G05_EMP_COM,5,2026/2027,Sun Sep 20 15:00,Empoli,EMP,Como,COM,,,SCHEDULED,1,1
2026_G05_PAR_GEN,5,2026/2027,Sun Sep 20 15:00,Parma,PAR,Genoa,GEN,,,SCHEDULED,1,1
2026_G05_JUV_ATA,5,2026/2027,Sun Sep 20 18:00,Juventus,JUV,Atalanta,ATA,,,SCHEDULED,3,3
2026_G05_MIL_LEC,5,2026/2027,Sun Sep 20 20:45,Milan,MIL,Lecce,LEC,,,SCHEDULED,1,3
2026_G06_ATA_VEN,6,2026/2027,Sun Oct 11 15:00,Atalanta,ATA,Venezia,VEN,,,SCHEDULED,1,3
2026_G06_VER_MIL,6,2026/2027,Sun Oct 11 15:00,Verona,VER,Milan,MIL,,,SCHEDULED,3,1
2026_G06_LEC_BOL,6,2026/2027,Sun Oct 11 15:00,Lecce,LEC,Bologna,BOL,,,SCHEDULED,2,1
2026_G06_INT_PAR,6,2026/2027,Sun Oct 11 15:00,Inter,INT,Parma,PAR,,,SCHEDULED,1,3
2026_G06_LAZ_MON,6,2026/2027,Sun Oct 11 15:00,Lazio,LAZ,Monza,MON,,,SCHEDULED,1,2
2026_G06_CAG_JUV,6,2026/2027,Sun Oct 11 15:00,Cagliari,CAG,Juventus,JUV,,,SCHEDULED,3,1
2026_G06_COM_ROM,6,2026/2027,Sun Oct 11 15:00,Como,COM,Roma,ROM,,,SCHEDULED,2,1
2026_G06_NAP_EMP,6,2026/2027,Sun Oct 11 15:00,Napoli,NAP,Empoli,EMP,,,SCHEDULED,1,3
2026_G06_TOR_UDI,6,2026/2027,Sun Oct 11 15:00,Torino,TOR,Udinese,UDI,,,SCHEDULED,1,2
2026_G06_GEN_FIO,6,2026/2027,Sun Oct 11 15:00,Genoa,GEN,Fiorentina,FIO,,,SCHEDULED,2,1
2026_G07_MIL_ATA,7,2026/2027,Sun Oct 18 15:00,Milan,MIL,Atalanta,ATA,,,SCHEDULED,3,3
2026_G07_JUV_LAZ,7,2026/2027,Sun Oct 18 15:00,Juventus,JUV,Lazio,LAZ,,,SCHEDULED,2,3
2026_G07_BOL_INT,7,2026/2027,Sun Oct 18 15:00,Bologna,BOL,Inter,INT,,,SCHEDULED,3,2
2026_G07_ROM_GEN,7,2026/2027,Sun Oct 18 15:00,Roma,ROM,Genoa,GEN,,,SCHEDULED,1,2
2026_G07_EMP_VER,7,2026/2027,Sun Oct 18 15:00,Empoli,EMP,Verona,VER,,,SCHEDULED,1,1
2026_G07_UDI_LEC,7,2026/2027,Sun Oct 18 15:00,Udinese,UDI,Lecce,LEC,,,SCHEDULED,1,1
2026_G07_VEN_NAP,7,2026/2027,Sun Oct 18 15:00,Venezia,VEN,Napoli,NAP,,,SCHEDULED,3,1
2026_G07_MON_CAG,7,2026/2027,Sun Oct 18 15:00,Monza,MON,Cagliari,CAG,,,SCHEDULED,1,1
2026_G07_FIO_COM,7,2026/2027,Sun Oct 18 15:00,Fiorentina,FIO,Como,COM,,,SCHEDULED,1,2
2026_G07_PAR_TOR,7,2026/2027,Sun Oct 18 15:00,Parma,PAR,Torino,TOR,,,SCHEDULED,2,1
2026_G08_UDI_MIL,8,2026/2027,Sun Oct 25 15:00,Udinese,UDI,Milan,MIL,,,SCHEDULED,3,1
2026_G08_CAG_BOL,8,2026/2027,Sun Oct 25 15:00,Cagliari,CAG,Bologna,BOL,,,SCHEDULED,2,1
2026_G08_COM_VER,8,2026/2027,Sun Oct 25 15:00,Como,COM,Verona,VER,,,SCHEDULED,1,1
2026_G08_ATA_EMP,8,2026/2027,Sun Oct 25 15:00,Atalanta,ATA,Empoli,EMP,,,SCHEDULED,1,3
2026_G08_INT_FIO,8,2026/2027,Sun Oct 25 15:00,Inter,INT,Fiorentina,FIO,,,SCHEDULED,2,3
2026_G08_NAP_ROM,8,2026/2027,Sun Oct 25 15:00,Napoli,NAP,Roma,ROM,,,SCHEDULED,2,3
2026_G08_LAZ_PAR,8,2026/2027,Sun Oct 25 15:00,Lazio,LAZ,Parma,PAR,,,SCHEDULED,1,2
2026_G08_LEC_JUV,8,2026/2027,Sun Oct 25 15:00,Lecce,LEC,Juventus,JUV,,,SCHEDULED,3,1
2026_G08_TOR_MON,8,2026/2027,Sun Oct 25 15:00,Torino,TOR,Monza,MON,,,SCHEDULED,1,2
2026_G08_GEN_VEN,8,2026/2027,Sun Oct 25 15:00,Genoa,GEN,Venezia,VEN,,,SCHEDULED,1,1
2026_G09_MIL_BOL,9,2026/2027,Wed Oct 28 15:00,Milan,MIL,Bologna,BOL,,,SCHEDULED,2,3
2026_G09_VEN_INT,9,2026/2027,Wed Oct 28 15:00,Venezia,VEN,Inter,INT,,,SCHEDULED,3,1
2026_G09_FIO_ATA,9,2026/2027,Wed Oct 28 15:00,Fiorentina,FIO,Atalanta,ATA,,,SCHEDULED,3,2
2026_G09_GEN_JUV,9,2026/2027,Wed Oct 28 15:00,Genoa,GEN,Juventus,JUV,,,SCHEDULED,3,1
2026_G09_PAR_UDI,9,2026/2027,Wed Oct 28 15:00,Parma,PAR,Udinese,UDI,,,SCHEDULED,1,1
2026_G09_MON_NAP,9,2026/2027,Wed Oct 28 15:00,Monza,MON,Napoli,NAP,,,SCHEDULED,3,1
2026_G09_ROM_CAG,9,2026/2027,Wed Oct 28 15:00,Roma,ROM,Cagliari,CAG,,,SCHEDULED,1,2
2026_G09_VER_LAZ,9,2026/2027,Wed Oct 28 15:00,Verona,VER,Lazio,LAZ,,,SCHEDULED,2,1
2026_G09_TOR_COM,9,2026/2027,Wed Oct 28 15:00,Torino,TOR,Como,COM,,,SCHEDULED,1,2
2026_G09_EMP_LEC,9,2026/2027,Wed Oct 28 15:00,Empoli,EMP,Lecce,LEC,,,SCHEDULED,1,1
2026_G10_BOL_MON,10,2026/2027,Sun Nov 1 15:00,Bologna,BOL,Monza,MON,,,SCHEDULED,1,2
2026_G10_LEC_GEN,10,2026/2027,Sun Nov 1 15:00,Lecce,LEC,Genoa,GEN,,,SCHEDULED,1,1
2026_G10_VER_FIO,10,2026/2027,Sun Nov 1 15:00,Verona,VER,Fiorentina,FIO,,,SCHEDULED,2,1
2026_G10_UDI_ROM,10,2026/2027,Sun Nov 1 15:00,Udinese,UDI,Roma,ROM,,,SCHEDULED,2,1
2026_G10_COM_VEN,10,2026/2027,Sun Nov 1 15:00,Como,COM,Venezia,VEN,,,SCHEDULED,1,1
2026_G10_EMP_TOR,10,2026/2027,Sun Nov 1 15:00,Empoli,EMP,Torino,TOR,,,SCHEDULED,2,1
2026_G10_ATA_PAR,10,2026/2027,Sun Nov 1 15:00,Atalanta,ATA,Parma,PAR,,,SCHEDULED,1,3
2026_G10_LAZ_CAG,10,2026/2027,Sun Nov 1 15:00,Lazio,LAZ,Cagliari,CAG,,,SCHEDULED,1,2
2026_G10_JUV_NAP,10,2026/2027,Sun Nov 1 15:00,Juventus,JUV,Napoli,NAP,,,SCHEDULED,3,3
2026_G10_MIL_INT,10,2026/2027,Sun Nov 1 15:00,Milan,MIL,Inter,INT,,,SCHEDULED,3,3
2026_G11_FIO_JUV,11,2026/2027,Sun Nov 8 15:00,Fiorentina,FIO,Juventus,JUV,,,SCHEDULED,3,2
2026_G11_INT_COM,11,2026/2027,Sun Nov 8 15:00,Inter,INT,Como,COM,,,SCHEDULED,1,3
2026_G11_ROM_VER,11,2026/2027,Sun Nov 8 15:00,Roma,ROM,Verona,VER,,,SCHEDULED,1,2
2026_G11_TOR_LEC,11,2026/2027,Sun Nov 8 15:00,Torino,TOR,Lecce,LEC,,,SCHEDULED,1,2
2026_G11_NAP_LAZ,11,2026/2027,Sun Nov 8 15:00,Napoli,NAP,Lazio,LAZ,,,SCHEDULED,2,3
2026_G11_CAG_EMP,11,2026/2027,Sun Nov 8 15:00,Cagliari,CAG,Empoli,EMP,,,SCHEDULED,1,1
2026_G11_PAR_BOL,11,2026/2027,Sun Nov 8 15:00,Parma,PAR,Bologna,BOL,,,SCHEDULED,2,1
2026_G11_GEN_MIL,11,2026/2027,Sun Nov 8 15:00,Genoa,GEN,Milan,MIL,,,SCHEDULED,3,1
2026_G11_VEN_UDI,11,2026/2027,Sun Nov 8 15:00,Venezia,VEN,Udinese,UDI,,,SCHEDULED,1,1
2026_G11_MON_ATA,11,2026/2027,Sun Nov 8 15:00,Monza,MON,Atalanta,ATA,,,SCHEDULED,3,1
2026_G12_MON_FIO,12,2026/2027,Sun Nov 22 15:00,Monza,MON,Fiorentina,FIO,,,SCHEDULED,2,1
2026_G12_ATA_INT,12,2026/2027,Sun Nov 22 15:00,Atalanta,ATA,Inter,INT,,,SCHEDULED,3,3
2026_G12_JUV_VEN,12,2026/2027,Sun Nov 22 15:00,Juventus,JUV,Venezia,VEN,,,SCHEDULED,1,3
2026_G12_BOL_UDI,12,2026/2027,Sun Nov 22 15:00,Bologna,BOL,Udinese,UDI,,,SCHEDULED,1,2
2026_G12_MIL_EMP,12,2026/2027,Sun Nov 22 15:00,Milan,MIL,Empoli,EMP,,,SCHEDULED,1,3
2026_G12_VER_GEN,12,2026/2027,Sun Nov 22 15:00,Verona,VER,Genoa,GEN,,,SCHEDULED,1,1
2026_G12_COM_CAG,12,2026/2027,Sun Nov 22 15:00,Como,COM,Cagliari,CAG,,,SCHEDULED,1,1
2026_G12_PAR_ROM,12,2026/2027,Sun Nov 22 15:00,Parma,PAR,Roma,ROM,,,SCHEDULED,2,1
2026_G12_NAP_TOR,12,2026/2027,Sun Nov 22 15:00,Napoli,NAP,Torino,TOR,,,SCHEDULED,2,3
2026_G12_LAZ_LEC,12,2026/2027,Sun Nov 22 15:00,Lazio,LAZ,Lecce,LEC,,,SCHEDULED,1,2
2026_G13_VER_NAP,13,2026/2027,Sun Nov 29 15:00,Verona,VER,Napoli,NAP,,,SCHEDULED,3,1
2026_G13_CAG_MIL,13,2026/2027,Sun Nov 29 15:00,Cagliari,CAG,Milan,MIL,,,SCHEDULED,3,1
2026_G13_COM_JUV,13,2026/2027,Sun Nov 29 15:00,Como,COM,Juventus,JUV,,,SCHEDULED,3,1
2026_G13_ROM_MON,13,2026/2027,Sun Nov 29 15:00,Roma,ROM,Monza,MON,,,SCHEDULED,1,2
2026_G13_EMP_PAR,13,2026/2027,Sun Nov 29 15:00,Empoli,EMP,Parma,PAR,,,SCHEDULED,1,1
2026_G13_TOR_LAZ,13,2026/2027,Sun Nov 29 15:00,Torino,TOR,Lazio,LAZ,,,SCHEDULED,2,2
2026_G13_VEN_BOL,13,2026/2027,Sun Nov 29 15:00,Venezia,VEN,Bologna,BOL,,,SCHEDULED,2,1
2026_G13_LEC_ATA,13,2026/2027,Sun Nov 29 15:00,Lecce,LEC,Atalanta,ATA,,,SCHEDULED,3,1
2026_G13_UDI_FIO,13,2026/2027,Sun Nov 29 15:00,Udinese,UDI,Fiorentina,FIO,,,SCHEDULED,2,1
2026_G13_INT_GEN,13,2026/2027,Sun Nov 29 15:00,Inter,INT,Genoa,GEN,,,SCHEDULED,1,3
2026_G14_GEN_TOR,14,2026/2027,Sun Dec 6 15:00,Genoa,GEN,Torino,TOR,,,SCHEDULED,2,1
2026_G14_JUV_UDI,14,2026/2027,Sun Dec 6 15:00,Juventus,JUV,Udinese,UDI,,,SCHEDULED,1,3
2026_G14_EMP_INT,14,2026/2027,Sun Dec 6 15:00,Empoli,EMP,Inter,INT,,,SCHEDULED,3,1
2026_G14_BOL_ROM,14,2026/2027,Sun Dec 6 15:00,Bologna,BOL,Roma,ROM,,,SCHEDULED,2,2
2026_G14_FIO_CAG,14,2026/2027,Sun Dec 6 15:00,Fiorentina,FIO,Cagliari,CAG,,,SCHEDULED,1,2
2026_G14_LAZ_ATA,14,2026/2027,Sun Dec 6 15:00,Lazio,LAZ,Atalanta,ATA,,,SCHEDULED,3,2
2026_G14_MIL_PAR,14,2026/2027,Sun Dec 6 15:00,Milan,MIL,Parma,PAR,,,SCHEDULED,1,3
2026_G14_VEN_VER,14,2026/2027,Sun Dec 6 15:00,Venezia,VEN,Verona,VER,,,SCHEDULED,1,1
2026_G14_MON_COM,14,2026/2027,Sun Dec 6 15:00,Monza,MON,Como,COM,,,SCHEDULED,1,1
2026_G14_NAP_LEC,14,2026/2027,Sun Dec 6 15:00,Napoli,NAP,Lecce,LEC,,,SCHEDULED,1,3
2026_G15_NAP_MIL,15,2026/2027,Sun Dec 13 15:00,Napoli,NAP,Milan,MIL,,,SCHEDULED,3,3
2026_G15_COM_BOL,15,2026/2027,Sun Dec 13 15:00,Como,COM,Bologna,BOL,,,SCHEDULED,2,1
2026_G15_UDI_EMP,15,2026/2027,Sun Dec 13 15:00,Udinese,UDI,Empoli,EMP,,,SCHEDULED,1,1
2026_G15_LEC_VER,15,2026/2027,Sun Dec 13 15:00,Lecce,LEC,Verona,VER,,,SCHEDULED,1,1
2026_G15_PAR_FIO,15,2026/2027,Sun Dec 13 15:00,Parma,PAR,Fiorentina,FIO,,,SCHEDULED,2,1
2026_G15_CAG_VEN,15,2026/2027,Sun Dec 13 15:00,Cagliari,CAG,Venezia,VEN,,,SCHEDULED,1,1
2026_G15_INT_TOR,15,2026/2027,Sun Dec 13 15:00,Inter,INT,Torino,TOR,,,SCHEDULED,2,3
2026_G15_JUV_MON,15,2026/2027,Sun Dec 13 15:00,Juventus,JUV,Monza,MON,,,SCHEDULED,1,3
2026_G15_ATA_GEN,15,2026/2027,Sun Dec 13 15:00,Atalanta,ATA,Genoa,GEN,,,SCHEDULED,1,3
2026_G15_LAZ_ROM,15,2026/2027,Sun Dec 13 15:00,Lazio,LAZ,Roma,ROM,,,SCHEDULED,2,2
2026_G16_MIL_COM,16,2026/2027,Sun Dec 20 15:00,Milan,MIL,Como,COM,,,SCHEDULED,1,3
2026_G16_VER_PAR,16,2026/2027,Sun Dec 20 15:00,Verona,VER,Parma,PAR,,,SCHEDULED,1,1
2026_G16_ROM_JUV,16,2026/2027,Sun Dec 20 15:00,Roma,ROM,Juventus,JUV,,,SCHEDULED,3,2
2026_G16_EMP_LAZ,16,2026/2027,Sun Dec 20 15:00,Empoli,EMP,Lazio,LAZ,,,SCHEDULED,2,1
2026_G16_ATA_NAP,16,2026/2027,Sun Dec 20 15:00,Atalanta,ATA,Napoli,NAP,,,SCHEDULED,3,3
2026_G16_FIO_BOL,16,2026/2027,Sun Dec 20 15:00,Fiorentina,FIO,Bologna,BOL,,,SCHEDULED,2,2
2026_G16_GEN_UDI,16,2026/2027,Sun Dec 20 15:00,Genoa,GEN,Udinese,UDI,,,SCHEDULED,1,1
2026_G16_LEC_INT,16,2026/2027,Sun Dec 20 15:00,Lecce,LEC,Inter,INT,,,SCHEDULED,3,1
2026_G16_TOR_CAG,16,2026/2027,Sun Dec 20 15:00,Torino,TOR,Cagliari,CAG,,,SCHEDULED,1,2
2026_G16_VEN_MON,16,2026/2027,Sun Dec 20 15:00,Venezia,VEN,Monza,MON,,,SCHEDULED,1,1
2026_G17_UDI_ATA,17,2026/2027,Sun Jan 3 2027 15:00,Udinese,UDI,Atalanta,ATA,,,SCHEDULED,3,1
2026_G17_COM_LEC,17,2026/2027,Sun Jan 3 2027 15:00,Como,COM,Lecce,LEC,,,SCHEDULED,1,1
2026_G17_ROM_EMP,17,2026/2027,Sun Jan 3 2027 15:00,Roma,ROM,Empoli,EMP,,,SCHEDULED,1,2
2026_G17_PAR_NAP,17,2026/2027,Sun Jan 3 2027 15:00,Parma,PAR,Napoli,NAP,,,SCHEDULED,3,1
2026_G17_CAG_GEN,17,2026/2027,Sun Jan 3 2027 15:00,Cagliari,CAG,Genoa,GEN,,,SCHEDULED,1,1
2026_G17_TOR_VEN,17,2026/2027,Sun Jan 3 2027 15:00,Torino,TOR,Venezia,VEN,,,SCHEDULED,1,2
2026_G17_MON_MIL,17,2026/2027,Sun Jan 3 2027 15:00,Monza,MON,Milan,MIL,,,SCHEDULED,3,1
2026_G17_INT_VER,17,2026/2027,Sun Jan 3 2027 15:00,Inter,INT,Verona,VER,,,SCHEDULED,1,3
2026_G17_BOL_JUV,17,2026/2027,Sun Jan 3 2027 15:00,Bologna,BOL,Juventus,JUV,,,SCHEDULED,3,2
2026_G17_FIO_LAZ,17,2026/2027,Sun Jan 3 2027 15:00,Fiorentina,FIO,Lazio,LAZ,,,SCHEDULED,2,2
2026_G18_EMP_BOL,18,2026/2027,Wed Jan 6 15:00,Empoli,EMP,Bologna,BOL,,,SCHEDULED,2,1
2026_G18_VER_UDI,18,2026/2027,Wed Jan 6 15:00,Verona,VER,Udinese,UDI,,,SCHEDULED,1,1
2026_G18_GEN_MON,18,2026/2027,Wed Jan 6 15:00,Genoa,GEN,Monza,MON,,,SCHEDULED,1,1
2026_G18_VEN_ROM,18,2026/2027,Wed Jan 6 15:00,Venezia,VEN,Roma,ROM,,,SCHEDULED,2,1
2026_G18_NAP_CAG,18,2026/2027,Wed Jan 6 15:00,Napoli,NAP,Cagliari,CAG,,,SCHEDULED,1,3
2026_G18_MIL_FIO,18,2026/2027,Wed Jan 6 15:00,Milan,MIL,Fiorentina,FIO,,,SCHEDULED,2,3
2026_G18_JUV_TOR,18,2026/2027,Wed Jan 6 15:00,Juventus,JUV,Torino,TOR,,,SCHEDULED,2,3
2026_G18_ATA_COM,18,2026/2027,Wed Jan 6 15:00,Atalanta,ATA,Como,COM,,,SCHEDULED,1,3
2026_G18_LAZ_INT,18,2026/2027,Wed Jan 6 15:00,Lazio,LAZ,Inter,INT,,,SCHEDULED,3,2
2026_G18_LEC_PAR,18,2026/2027,Wed Jan 6 15:00,Lecce,LEC,Parma,PAR,,,SCHEDULED,1,1
2026_G19_FIO_LEC,19,2026/2027,Sun Jan 10 15:00,Fiorentina,FIO,Lecce,LEC,,,SCHEDULED,1,2
2026_G19_UDI_NAP,19,2026/2027,Sun Jan 10 15:00,Udinese,UDI,Napoli,NAP,,,SCHEDULED,3,1
2026_G19_TOR_ATA,19,2026/2027,Sun Jan 10 15:00,Torino,TOR,Atalanta,ATA,,,SCHEDULED,3,2
2026_G19_MON_EMP,19,2026/2027,Sun Jan 10 15:00,Monza,MON,Empoli,EMP,,,SCHEDULED,1,1
2026_G19_INT_JUV,19,2026/2027,Sun Jan 10 15:00,Inter,INT,Juventus,JUV,,,SCHEDULED,3,3
2026_G19_PAR_VEN,19,2026/2027,Sun Jan 10 15:00,Parma,PAR,Venezia,VEN,,,SCHEDULED,1,1
2026_G19_BOL_GEN,19,2026/2027,Sun Jan 10 15:00,Bologna,BOL,Genoa,GEN,,,SCHEDULED,1,2
2026_G19_CAG_VER,19,2026/2027,Sun Jan 10 15:00,Cagliari,CAG,Verona,VER,,,SCHEDULED,1,1
2026_G19_COM_LAZ,19,2026/2027,Sun Jan 10 15:00,Como,COM,Lazio,LAZ,,,SCHEDULED,2,1
2026_G19_ROM_MIL,19,2026/2027,Sun Jan 10 15:00,Roma,ROM,Milan,MIL,,,SCHEDULED,3,2
2026_G20_MIL_TOR,20,2026/2027,Sun Jan 17 15:00,Milan,MIL,Torino,TOR,,,SCHEDULED,2,3
2026_G20_PAR_INT,20,2026/2027,Sun Jan 17 15:00,Parma,PAR,Inter,INT,,,SCHEDULED,3,1
2026_G20_JUV_GEN,20,2026/2027,Sun Jan 17 15:00,Juventus,JUV,Genoa,GEN,,,SCHEDULED,1,3
2026_G20_LEC_UDI,20,2026/2027,Sun Jan 17 15:00,Lecce,LEC,Udinese,UDI,,,SCHEDULED,1,1
2026_G20_CAG_COM,20,2026/2027,Sun Jan 17 15:00,Cagliari,CAG,Como,COM,,,SCHEDULED,1,1
2026_G20_VER_MON,20,2026/2027,Sun Jan 17 15:00,Verona,VER,Monza,MON,,,SCHEDULED,1,1
2026_G20_NAP_FIO,20,2026/2027,Sun Jan 17 15:00,Napoli,NAP,Fiorentina,FIO,,,SCHEDULED,2,3
2026_G20_LAZ_BOL,20,2026/2027,Sun Jan 17 15:00,Lazio,LAZ,Bologna,BOL,,,SCHEDULED,2,2
2026_G20_VEN_EMP,20,2026/2027,Sun Jan 17 15:00,Venezia,VEN,Empoli,EMP,,,SCHEDULED,1,1
2026_G20_ATA_ROM,20,2026/2027,Sun Jan 17 15:00,Atalanta,ATA,Roma,ROM,,,SCHEDULED,2,3
2026_G21_LEC_TOR,21,2026/2027,Sun Jan 24 15:00,Lecce,LEC,Torino,TOR,,,SCHEDULED,2,1
2026_G21_JUV_CAG,21,2026/2027,Sun Jan 24 15:00,Juventus,JUV,Cagliari,CAG,,,SCHEDULED,1,3
2026_G21_INT_VEN,21,2026/2027,Sun Jan 24 15:00,Inter,INT,Venezia,VEN,,,SCHEDULED,1,3
2026_G21_FIO_VER,21,2026/2027,Sun Jan 24 15:00,Fiorentina,FIO,Verona,VER,,,SCHEDULED,1,2
2026_G21_EMP_MIL,21,2026/2027,Sun Jan 24 15:00,Empoli,EMP,Milan,MIL,,,SCHEDULED,3,1
2026_G21_ROM_UDI,21,2026/2027,Sun Jan 24 15:00,Roma,ROM,Udinese,UDI,,,SCHEDULED,1,2
2026_G21_BOL_ATA,21,2026/2027,Sun Jan 24 15:00,Bologna,BOL,Atalanta,ATA,,,SCHEDULED,3,2
2026_G21_GEN_PAR,21,2026/2027,Sun Jan 24 15:00,Genoa,GEN,Parma,PAR,,,SCHEDULED,1,1
2026_G21_COM_NAP,21,2026/2027,Sun Jan 24 15:00,Como,COM,Napoli,NAP,,,SCHEDULED,3,1
2026_G21_MON_LAZ,21,2026/2027,Sun Jan 24 15:00,Monza,MON,Lazio,LAZ,,,SCHEDULED,2,1
2026_G22_MIL_JUV,22,2026/2027,Sun Jan 31 15:00,Milan,MIL,Juventus,JUV,,,SCHEDULED,3,3
2026_G22_MON_ROM,22,2026/2027,Sun Jan 31 15:00,Monza,MON,Roma,ROM,,,SCHEDULED,2,1
2026_G22_TOR_EMP,22,2026/2027,Sun Jan 31 15:00,Torino,TOR,Empoli,EMP,,,SCHEDULED,1,2
2026_G22_UDI_BOL,22,2026/2027,Sun Jan 31 15:00,Udinese,UDI,Bologna,BOL,,,SCHEDULED,2,1
2026_G22_VER_COM,22,2026/2027,Sun Jan 31 15:00,Verona,VER,Como,COM,,,SCHEDULED,1,1
2026_G22_GEN_LEC,22,2026/2027,Sun Jan 31 15:00,Genoa,GEN,Lecce,LEC,,,SCHEDULED,1,1
2026_G22_CAG_PAR,22,2026/2027,Sun Jan 31 15:00,Cagliari,CAG,Parma,PAR,,,SCHEDULED,1,1
2026_G22_ATA_FIO,22,2026/2027,Sun Jan 31 15:00,Atalanta,ATA,Fiorentina,FIO,,,SCHEDULED,2,3
2026_G22_LAZ_VEN,22,2026/2027,Sun Jan 31 15:00,Lazio,LAZ,Venezia,VEN,,,SCHEDULED,1,2
2026_G22_NAP_INT,22,2026/2027,Sun Jan 31 15:00,Napoli,NAP,Inter,INT,,,SCHEDULED,3,3
2026_G23_JUV_VER,23,2026/2027,Sun Feb 7 15:00,Juventus,JUV,Verona,VER,,,SCHEDULED,1,3
2026_G23_INT_CAG,23,2026/2027,Sun Feb 7 15:00,Inter,INT,Cagliari,CAG,,,SCHEDULED,1,3
2026_G23_COM_MON,23,2026/2027,Sun Feb 7 15:00,Como,COM,Monza,MON,,,SCHEDULED,1,1
2026_G23_LEC_NAP,23,2026/2027,Sun Feb 7 15:00,Lecce,LEC,Napoli,NAP,,,SCHEDULED,3,1
2026_G23_VEN_GEN,23,2026/2027,Sun Feb 7 15:00,Venezia,VEN,Genoa,GEN,,,SCHEDULED,1,1
2026_G23_ROM_TOR,23,2026/2027,Sun Feb 7 15:00,Roma,ROM,Torino,TOR,,,SCHEDULED,2,2
2026_G23_ATA_LAZ,23,2026/2027,Sun Feb 7 15:00,Atalanta,ATA,Lazio,LAZ,,,SCHEDULED,2,3
2026_G23_PAR_EMP,23,2026/2027,Sun Feb 7 15:00,Parma,PAR,Empoli,EMP,,,SCHEDULED,1,1
2026_G23_BOL_MIL,23,2026/2027,Sun Feb 7 15:00,Bologna,BOL,Milan,MIL,,,SCHEDULED,3,2
2026_G23_FIO_UDI,23,2026/2027,Sun Feb 7 15:00,Fiorentina,FIO,Udinese,UDI,,,SCHEDULED,1,2
2026_G24_NAP_JUV,24,2026/2027,Sun Feb 14 15:00,Napoli,NAP,Juventus,JUV,,,SCHEDULED,3,3
2026_G24_MON_LEC,24,2026/2027,Sun Feb 14 15:00,Monza,MON,Lecce,LEC,,,SCHEDULED,1,1
2026_G24_TOR_VER,24,2026/2027,Sun Feb 14 15:00,Torino,TOR,Verona,VER,,,SCHEDULED,1,2
2026_G24_EMP_FIO,24,2026/2027,Sun Feb 14 15:00,Empoli,EMP,Fiorentina,FIO,,,SCHEDULED,2,1
2026_G24_BOL_COM,24,2026/2027,Sun Feb 14 15:00,Bologna,BOL,Como,COM,,,SCHEDULED,1,2
2026_G24_ROM_PAR,24,2026/2027,Sun Feb 14 15:00,Roma,ROM,Parma,PAR,,,SCHEDULED,1,2
2026_G24_UDI_VEN,24,2026/2027,Sun Feb 14 15:00,Udinese,UDI,Venezia,VEN,,,SCHEDULED,1,1
2026_G24_GEN_ATA,24,2026/2027,Sun Feb 14 15:00,Genoa,GEN,Atalanta,ATA,,,SCHEDULED,3,1
2026_G24_CAG_LAZ,24,2026/2027,Sun Feb 14 15:00,Cagliari,CAG,Lazio,LAZ,,,SCHEDULED,2,1
2026_G24_INT_MIL,24,2026/2027,Sun Feb 14 15:00,Inter,INT,Milan,MIL,,,SCHEDULED,3,3
2026_G25_COM_TOR,25,2026/2027,Sun Feb 21 15:00,Como,COM,Torino,TOR,,,SCHEDULED,2,1
2026_G25_ATA_MON,25,2026/2027,Sun Feb 21 15:00,Atalanta,ATA,Monza,MON,,,SCHEDULED,1,3
2026_G25_UDI_PAR,25,2026/2027,Sun Feb 21 15:00,Udinese,UDI,Parma,PAR,,,SCHEDULED,1,1
2026_G25_JUV_BOL,25,2026/2027,Sun Feb 21 15:00,Juventus,JUV,Bologna,BOL,,,SCHEDULED,2,3
2026_G25_FIO_INT,25,2026/2027,Sun Feb 21 15:00,Fiorentina,FIO,Inter,INT,,,SCHEDULED,3,2
2026_G25_VER_ROM,25,2026/2027,Sun Feb 21 15:00,Verona,VER,Roma,ROM,,,SCHEDULED,2,1
2026_G25_MIL_GEN,25,2026/2027,Sun Feb 21 15:00,Milan,MIL,Genoa,GEN,,,SCHEDULED,1,3
2026_G25_VEN_CAG,25,2026/2027,Sun Feb 21 15:00,Venezia,VEN,Cagliari,CAG,,,SCHEDULED,1,1
2026_G25_LEC_EMP,25,2026/2027,Sun Feb 21 15:00,Lecce,LEC,Empoli,EMP,,,SCHEDULED,1,1
2026_G25_LAZ_NAP,25,2026/2027,Sun Feb 21 15:00,Lazio,LAZ,Napoli,NAP,,,SCHEDULED,3,2
2026_G26_INT_ATA,26,2026/2027,Sun Feb 28 15:00,Inter,INT,Atalanta,ATA,,,SCHEDULED,3,3
2026_G26_CAG_UDI,26,2026/2027,Sun Feb 28 15:00,Cagliari,CAG,Udinese,UDI,,,SCHEDULED,1,1
2026_G26_PAR_VER,26,2026/2027,Sun Feb 28 15:00,Parma,PAR,Verona,VER,,,SCHEDULED,1,1
2026_G26_GEN_LAZ,26,2026/2027,Sun Feb 28 15:00,Genoa,GEN,Lazio,LAZ,,,SCHEDULED,2,1
2026_G26_ROM_VEN,26,2026/2027,Sun Feb 28 15:00,Roma,ROM,Venezia,VEN,,,SCHEDULED,1,2
2026_G26_COM_MIL,26,2026/2027,Sun Feb 28 15:00,Como,COM,Milan,MIL,,,SCHEDULED,3,1
2026_G26_TOR_FIO,26,2026/2027,Sun Feb 28 15:00,Torino,TOR,Fiorentina,FIO,,,SCHEDULED,2,2
2026_G26_BOL_LEC,26,2026/2027,Sun Feb 28 15:00,Bologna,BOL,Lecce,LEC,,,SCHEDULED,1,2
2026_G26_MON_JUV,26,2026/2027,Sun Feb 28 15:00,Monza,MON,Juventus,JUV,,,SCHEDULED,3,1
2026_G26_EMP_NAP,26,2026/2027,Sun Feb 28 15:00,Empoli,EMP,Napoli,NAP,,,SCHEDULED,3,1
2026_G27_UDI_INT,27,2026/2027,Sun Mar 7 15:00,Udinese,UDI,Inter,INT,,,SCHEDULED,3,1
2026_G27_ATA_TOR,27,2026/2027,Sun Mar 7 15:00,Atalanta,ATA,Torino,TOR,,,SCHEDULED,2,3
2026_G27_NAP_PAR,27,2026/2027,Sun Mar 7 15:00,Napoli,NAP,Parma,PAR,,,SCHEDULED,1,3
2026_G27_LEC_COM,27,2026/2027,Sun Mar 7 15:00,Lecce,LEC,Como,COM,,,SCHEDULED,1,1
2026_G27_LAZ_EMP,27,2026/2027,Sun Mar 7 15:00,Lazio,LAZ,Empoli,EMP,,,SCHEDULED,1,2
2026_G27_VER_BOL,27,2026/2027,Sun Mar 7 15:00,Verona,VER,Bologna,BOL,,,SCHEDULED,2,1
2026_G27_MON_GEN,27,2026/2027,Sun Mar 7 15:00,Monza,MON,Genoa,GEN,,,SCHEDULED,1,1
2026_G27_FIO_VEN,27,2026/2027,Sun Mar 7 15:00,Fiorentina,FIO,Venezia,VEN,,,SCHEDULED,1,2
2026_G27_MIL_CAG,27,2026/2027,Sun Mar 7 15:00,Milan,MIL,Cagliari,CAG,,,SCHEDULED,1,3
2026_G27_JUV_ROM,27,2026/2027,Sun Mar 7 15:00,Juventus,JUV,Roma,ROM,,,SCHEDULED,2,3
2026_G28_BOL_NAP,28,2026/2027,Sun Mar 14 15:00,Bologna,BOL,Napoli,NAP,,,SCHEDULED,3,2
2026_G28_CAG_FIO,28,2026/2027,Sun Mar 14 15:00,Cagliari,CAG,Fiorentina,FIO,,,SCHEDULED,2,1
2026_G28_MIL_VER,28,2026/2027,Sun Mar 14 15:00,Milan,MIL,Verona,VER,,,SCHEDULED,1,3
2026_G28_GEN_ROM,28,2026/2027,Sun Mar 14 15:00,Genoa,GEN,Roma,ROM,,,SCHEDULED,2,1
2026_G28_PAR_LEC,28,2026/2027,Sun Mar 14 15:00,Parma,PAR,Lecce,LEC,,,SCHEDULED,1,1
2026_G28_TOR_INT,28,2026/2027,Sun Mar 14 15:00,Torino,TOR,Inter,INT,,,SCHEDULED,3,2
2026_G28_EMP_MON,28,2026/2027,Sun Mar 14 15:00,Empoli,EMP,Monza,MON,,,SCHEDULED,1,1
2026_G28_COM_UDI,28,2026/2027,Sun Mar 14 15:00,Como,COM,Udinese,UDI,,,SCHEDULED,1,1
2026_G28_LAZ_JUV,28,2026/2027,Sun Mar 14 15:00,Lazio,LAZ,Juventus,JUV,,,SCHEDULED,3,2
2026_G28_VEN_ATA,28,2026/2027,Sun Mar 14 15:00,Venezia,VEN,Atalanta,ATA,,,SCHEDULED,3,1
2026_G29_NAP_VEN,29,2026/2027,Sun Mar 21 15:00,Napoli,NAP,Venezia,VEN,,,SCHEDULED,1,3
2026_G29_UDI_TOR,29,2026/2027,Sun Mar 21 15:00,Udinese,UDI,Torino,TOR,,,SCHEDULED,2,1
2026_G29_JUV_COM,29,2026/2027,Sun Mar 21 15:00,Juventus,JUV,Como,COM,,,SCHEDULED,1,3
2026_G29_FIO_GEN,29,2026/2027,Sun Mar 21 15:00,Fiorentina,FIO,Genoa,GEN,,,SCHEDULED,1,2
2026_G29_PAR_LAZ,29,2026/2027,Sun Mar 21 15:00,Parma,PAR,Lazio,LAZ,,,SCHEDULED,2,1
2026_G29_VER_CAG,29,2026/2027,Sun Mar 21 15:00,Verona,VER,Cagliari,CAG,,,SCHEDULED,1,1
2026_G29_MON_BOL,29,2026/2027,Sun Mar 21 15:00,Monza,MON,Bologna,BOL,,,SCHEDULED,2,1
2026_G29_INT_EMP,29,2026/2027,Sun Mar 21 15:00,Inter,INT,Empoli,EMP,,,SCHEDULED,1,3
2026_G29_ROM_LEC,29,2026/2027,Sun Mar 21 15:00,Roma,ROM,Lecce,LEC,,,SCHEDULED,1,2
2026_G29_ATA_MIL,29,2026/2027,Sun Mar 21 15:00,Atalanta,ATA,Milan,MIL,,,SCHEDULED,3,3
2026_G30_LEC_LAZ,30,2026/2027,Sun Apr 4 15:00,Lecce,LEC,Lazio,LAZ,,,SCHEDULED,2,1
2026_G30_CAG_NAP,30,2026/2027,Sun Apr 4 15:00,Cagliari,CAG,Napoli,NAP,,,SCHEDULED,3,1
2026_G30_COM_FIO,30,2026/2027,Sun Apr 4 15:00,Como,COM,Fiorentina,FIO,,,SCHEDULED,2,1
2026_G30_VER_ATA,30,2026/2027,Sun Apr 4 15:00,Verona,VER,Atalanta,ATA,,,SCHEDULED,3,1
2026_G30_ROM_BOL,30,2026/2027,Sun Apr 4 15:00,Roma,ROM,Bologna,BOL,,,SCHEDULED,2,2
2026_G30_MIL_MON,30,2026/2027,Sun Apr 4 15:00,Milan,MIL,Monza,MON,,,SCHEDULED,1,3
2026_G30_GEN_INT,30,2026/2027,Sun Apr 4 15:00,Genoa,GEN,Inter,INT,,,SCHEDULED,3,1
2026_G30_TOR_JUV,30,2026/2027,Sun Apr 4 15:00,Torino,TOR,Juventus,JUV,,,SCHEDULED,3,2
2026_G30_VEN_PAR,30,2026/2027,Sun Apr 4 15:00,Venezia,VEN,Parma,PAR,,,SCHEDULED,1,1
2026_G30_EMP_UDI,30,2026/2027,Sun Apr 4 15:00,Empoli,EMP,Udinese,UDI,,,SCHEDULED,1,1
2026_G31_JUV_LEC,31,2026/2027,Sun Apr 11 15:00,Juventus,JUV,Lecce,LEC,,,SCHEDULED,1,3
2026_G31_NAP_VER,31,2026/2027,Sun Apr 11 15:00,Napoli,NAP,Verona,VER,,,SCHEDULED,1,3
2026_G31_FIO_MIL,31,2026/2027,Sun Apr 11 15:00,Fiorentina,FIO,Milan,MIL,,,SCHEDULED,3,2
2026_G31_LAZ_TOR,31,2026/2027,Sun Apr 11 15:00,Lazio,LAZ,Torino,TOR,,,SCHEDULED,2,2
2026_G31_CAG_ATA,31,2026/2027,Sun Apr 11 15:00,Cagliari,CAG,Atalanta,ATA,,,SCHEDULED,3,1
2026_G31_PAR_COM,31,2026/2027,Sun Apr 11 15:00,Parma,PAR,Como,COM,,,SCHEDULED,1,1
2026_G31_BOL_VEN,31,2026/2027,Sun Apr 11 15:00,Bologna,BOL,Venezia,VEN,,,SCHEDULED,1,2
2026_G31_EMP_GEN,31,2026/2027,Sun Apr 11 15:00,Empoli,EMP,Genoa,GEN,,,SCHEDULED,1,1
2026_G31_INT_ROM,31,2026/2027,Sun Apr 11 15:00,Inter,INT,Roma,ROM,,,SCHEDULED,2,3
2026_G31_UDI_MON,31,2026/2027,Sun Apr 11 15:00,Udinese,UDI,Monza,MON,,,SCHEDULED,1,1
2026_G32_MON_INT,32,2026/2027,Sun Apr 18 15:00,Monza,MON,Inter,INT,,,SCHEDULED,3,1
2026_G32_FIO_PAR,32,2026/2027,Sun Apr 18 15:00,Fiorentina,FIO,Parma,PAR,,,SCHEDULED,1,2
2026_G32_ROM_LAZ,32,2026/2027,Sun Apr 18 15:00,Roma,ROM,Lazio,LAZ,,,SCHEDULED,2,2
2026_G32_COM_EMP,32,2026/2027,Sun Apr 18 15:00,Como,COM,Empoli,EMP,,,SCHEDULED,1,1
2026_G32_VER_LEC,32,2026/2027,Sun Apr 18 15:00,Verona,VER,Lecce,LEC,,,SCHEDULED,1,1
2026_G32_BOL_CAG,32,2026/2027,Sun Apr 18 15:00,Bologna,BOL,Cagliari,CAG,,,SCHEDULED,1,2
2026_G32_ATA_UDI,32,2026/2027,Sun Apr 18 15:00,Atalanta,ATA,Udinese,UDI,,,SCHEDULED,1,3
2026_G32_VEN_JUV,32,2026/2027,Sun Apr 18 15:00,Venezia,VEN,Juventus,JUV,,,SCHEDULED,3,1
2026_G32_MIL_NAP,32,2026/2027,Sun Apr 18 15:00,Milan,MIL,Napoli,NAP,,,SCHEDULED,3,3
2026_G32_TOR_GEN,32,2026/2027,Sun Apr 18 15:00,Torino,TOR,Genoa,GEN,,,SCHEDULED,1,2
2026_G33_EMP_ROM,33,2026/2027,Sun Apr 25 15:00,Empoli,EMP,Roma,ROM,,,SCHEDULED,2,1
2026_G33_CAG_MON,33,2026/2027,Sun Apr 25 15:00,Cagliari,CAG,Monza,MON,,,SCHEDULED,1,1
2026_G33_NAP_UDI,33,2026/2027,Sun Apr 25 15:00,Napoli,NAP,Udinese,UDI,,,SCHEDULED,1,3
2026_G33_PAR_ATA,33,2026/2027,Sun Apr 25 15:00,Parma,PAR,Atalanta,ATA,,,SCHEDULED,3,1
2026_G33_LAZ_COM,33,2026/2027,Sun Apr 25 15:00,Lazio,LAZ,Como,COM,,,SCHEDULED,1,2
2026_G33_JUV_FIO,33,2026/2027,Sun Apr 25 15:00,Juventus,JUV,Fiorentina,FIO,,,SCHEDULED,2,3
2026_G33_GEN_VER,33,2026/2027,Sun Apr 25 15:00,Genoa,GEN,Verona,VER,,,SCHEDULED,1,1
2026_G33_LEC_MIL,33,2026/2027,Sun Apr 25 15:00,Lecce,LEC,Milan,MIL,,,SCHEDULED,3,1
2026_G33_VEN_TOR,33,2026/2027,Sun Apr 25 15:00,Venezia,VEN,Torino,TOR,,,SCHEDULED,2,1
2026_G33_INT_BOL,33,2026/2027,Sun Apr 25 15:00,Inter,INT,Bologna,BOL,,,SCHEDULED,2,3
2026_G34_ATA_JUV,34,2026/2027,Sun May 2 15:00,Atalanta,ATA,Juventus,JUV,,,SCHEDULED,3,3
2026_G34_TOR_PAR,34,2026/2027,Sun May 2 15:00,Torino,TOR,Parma,PAR,,,SCHEDULED,1,2
2026_G34_MIL_LAZ,34,2026/2027,Sun May 2 15:00,Milan,MIL,Lazio,LAZ,,,SCHEDULED,2,3
2026_G34_UDI_GEN,34,2026/2027,Sun May 2 15:00,Udinese,UDI,Genoa,GEN,,,SCHEDULED,1,1
2026_G34_VER_EMP,34,2026/2027,Sun May 2 15:00,Verona,VER,Empoli,EMP,,,SCHEDULED,1,1
2026_G34_BOL_FIO,34,2026/2027,Sun May 2 15:00,Bologna,BOL,Fiorentina,FIO,,,SCHEDULED,2,2
2026_G34_COM_INT,34,2026/2027,Sun May 2 15:00,Como,COM,Inter,INT,,,SCHEDULED,3,1
2026_G34_MON_VEN,34,2026/2027,Sun May 2 15:00,Monza,MON,Venezia,VEN,,,SCHEDULED,1,1
2026_G34_LEC_CAG,34,2026/2027,Sun May 2 15:00,Lecce,LEC,Cagliari,CAG,,,SCHEDULED,1,1
2026_G34_ROM_NAP,34,2026/2027,Sun May 2 15:00,Roma,ROM,Napoli,NAP,,,SCHEDULED,3,2
2026_G35_PAR_MIL,35,2026/2027,Sun May 9 15:00,Parma,PAR,Milan,MIL,,,SCHEDULED,3,1
2026_G35_GEN_CAG,35,2026/2027,Sun May 9 15:00,Genoa,GEN,Cagliari,CAG,,,SCHEDULED,1,1
2026_G35_LAZ_VER,35,2026/2027,Sun May 9 15:00,Lazio,LAZ,Verona,VER,,,SCHEDULED,1,2
2026_G35_NAP_MON,35,2026/2027,Sun May 9 15:00,Napoli,NAP,Monza,MON,,,SCHEDULED,1,3
2026_G35_INT_LEC,35,2026/2027,Sun May 9 15:00,Inter,INT,Lecce,LEC,,,SCHEDULED,1,3
2026_G35_VEN_COM,35,2026/2027,Sun May 9 15:00,Venezia,VEN,Como,COM,,,SCHEDULED,1,1
2026_G35_UDI_JUV,35,2026/2027,Sun May 9 15:00,Udinese,UDI,Juventus,JUV,,,SCHEDULED,3,1
2026_G35_TOR_BOL,35,2026/2027,Sun May 9 15:00,Torino,TOR,Bologna,BOL,,,SCHEDULED,2,2
2026_G35_EMP_ATA,35,2026/2027,Sun May 9 15:00,Empoli,EMP,Atalanta,ATA,,,SCHEDULED,3,1
2026_G35_FIO_ROM,35,2026/2027,Sun May 9 15:00,Fiorentina,FIO,Roma,ROM,,,SCHEDULED,2,2
2026_G36_NAP_GEN,36,2026/2027,Sun May 16 15:00,Napoli,NAP,Genoa,GEN,,,SCHEDULED,1,3
2026_G36_LEC_FIO,36,2026/2027,Sun May 16 15:00,Lecce,LEC,Fiorentina,FIO,,,SCHEDULED,2,1
2026_G36_LAZ_UDI,36,2026/2027,Sun May 16 15:00,Lazio,LAZ,Udinese,UDI,,,SCHEDULED,1,2
2026_G36_BOL_EMP,36,2026/2027,Sun May 16 15:00,Bologna,BOL,Empoli,EMP,,,SCHEDULED,1,2
2026_G36_COM_ATA,36,2026/2027,Sun May 16 15:00,Como,COM,Atalanta,ATA,,,SCHEDULED,3,1
2026_G36_JUV_INT,36,2026/2027,Sun May 16 15:00,Juventus,JUV,Inter,INT,,,SCHEDULED,3,3
2026_G36_VER_VEN,36,2026/2027,Sun May 16 15:00,Verona,VER,Venezia,VEN,,,SCHEDULED,1,1
2026_G36_MON_PAR,36,2026/2027,Sun May 16 15:00,Monza,MON,Parma,PAR,,,SCHEDULED,1,1
2026_G36_MIL_ROM,36,2026/2027,Sun May 16 15:00,Milan,MIL,Roma,ROM,,,SCHEDULED,2,3
2026_G36_CAG_TOR,36,2026/2027,Sun May 16 15:00,Cagliari,CAG,Torino,TOR,,,SCHEDULED,2,1
2026_G37_ROM_COM,37,2026/2027,Sun May 23 15:00,Roma,ROM,Como,COM,,,SCHEDULED,1,2
2026_G37_PAR_JUV,37,2026/2027,Sun May 23 15:00,Parma,PAR,Juventus,JUV,,,SCHEDULED,3,1
2026_G37_TOR_NAP,37,2026/2027,Sun May 23 15:00,Torino,TOR,Napoli,NAP,,,SCHEDULED,3,2
2026_G37_ATA_LEC,37,2026/2027,Sun May 23 15:00,Atalanta,ATA,Lecce,LEC,,,SCHEDULED,1,3
2026_G37_INT_LAZ,37,2026/2027,Sun May 23 15:00,Inter,INT,Lazio,LAZ,,,SCHEDULED,2,3
2026_G37_UDI_VER,37,2026/2027,Sun May 23 15:00,Udinese,UDI,Verona,VER,,,SCHEDULED,1,1
2026_G37_EMP_CAG,37,2026/2027,Sun May 23 15:00,Empoli,EMP,Cagliari,CAG,,,SCHEDULED,1,1
2026_G37_FIO_MON,37,2026/2027,Sun May 23 15:00,Fiorentina,FIO,Monza,MON,,,SCHEDULED,1,2
2026_G37_VEN_MIL,37,2026/2027,Sun May 23 15:00,Venezia,VEN,Milan,MIL,,,SCHEDULED,3,1
2026_G37_GEN_BOL,37,2026/2027,Sun May 23 15:00,Genoa,GEN,Bologna,BOL,,,SCHEDULED,2,1
2026_G38_MIL_UDI,38,2026/2027,Sun May 30 15:00,Milan,MIL,Udinese,UDI,,,SCHEDULED,1,3
2026_G38_JUV_EMP,38,2026/2027,Sun May 30 15:00,Juventus,JUV,Empoli,EMP,,,SCHEDULED,1,3
2026_G38_MON_TOR,38,2026/2027,Sun May 30 15:00,Monza,MON,Torino,TOR,,,SCHEDULED,2,1
2026_G38_VER_INT,38,2026/2027,Sun May 30 15:00,Verona,VER,Inter,INT,,,SCHEDULED,3,1
2026_G38_CAG_ROM,38,2026/2027,Sun May 30 15:00,Cagliari,CAG,Roma,ROM,,,SCHEDULED,2,1
2026_G38_LAZ_FIO,38,2026/2027,Sun May 30 15:00,Lazio,LAZ,Fiorentina,FIO,,,SCHEDULED,2,2
2026_G38_COM_GEN,38,2026/2027,Sun May 30 15:00,Como,COM,Genoa,GEN,,,SCHEDULED,1,1
2026_G38_NAP_ATA,38,2026/2027,Sun May 30 15:00,Napoli,NAP,Atalanta,ATA,,,SCHEDULED,3,3
2026_G38_LEC_VEN,38,2026/2027,Sun May 30 15:00,Lecce,LEC,Venezia,VEN,,,SCHEDULED,1,1
2026_G38_BOL_PAR,38,2026/2027,Sun May 30 15:00,Bologna,BOL,Parma,PAR,,,SCHEDULED,1,2
