id,nome,squadra,squadra_code,ruolo,ruolo_mantra,qa,qi,fvm_1000,prezzo_target,prezzo_max,tier,piazzati,mod_rating,presenze,media_voto,fantamedia,gol,gol_subiti,rigori_segnati,rigori_sbagliati,rigori_parati,assist,ammonizioni,espulsioni,clean_sheets,xg,xa,xg_90,xa_90,moneyball_index,titolare_probabile,note,updated_at
5585,Malen,Roma,ROM,A,pc,38,34,450,225,281,1 Top Assoluto (1° Slot),1° Rigorista / Perno Attacco Roma,,2,8.25,15.5,5,0,0,0,0,0,1,0,0,27.2,7.5,0.8,0.22,49.81,True,,2026-09-02T18:37:09Z
2764,Martinez L.,Inter,INT,A,pc,33,35,361,180,225,1 Top Assoluto (1° Slot),"2° Rigorista, Capitano",,2,5.75,5.5,0,0,0,0,0,0,1,0,0,18.91,6.02,0.56,0.18,45.79,True,,2026-09-02T18:37:09Z
6052,Hojlund,Napoli,NAP,A,pc,28,28,260,130,162,1 Top Assoluto (1° Slot),1° Rigorista Napoli,,2,6.25,7.75,1,0,0,0,0,0,0,0,0,15.17,4.33,0.45,0.13,46.07,True,,2026-09-02T18:37:09Z
4871,Thuram,Inter,INT,A,pc,28,29,249,124,155,1 Top Assoluto (1° Slot),,,1,5.5,5.5,0,0,0,0,0,0,0,0,0,11.32,4.15,0.33,0.12,43.92,True,,2026-09-02T18:37:09Z
6875,Paz N.,Como,COM,C,t;a,29,30,245,122,152,1 Top Centrocampo,,,2,5.75,5.75,0,0,0,0,0,0,0,0,0,6.12,7.0,0.18,0.21,45.0,True,,2026-09-02T18:37:09Z
2194,Calhanoglu,Inter,INT,C,m;c,28,27,243,122,152,1 Top Centrocampo,"1° Rigorista, Punizioni, Corner (Infallibile)",,2,7.0,9.75,2,0,0,0,0,0,1,0,0,9.07,8.14,0.27,0.24,49.34,True,,2026-09-02T18:37:09Z
254,Dimarco,Inter,INT,D,e;w,31,32,240,120,150,1 Top Difesa,,TOP,2,6.25,6.25,0,0,0,0,0,0,0,0,0,3.32,4.36,0.1,0.13,51.48,True,"Attaccante aggiunto, batte punizioni e corner",2026-09-02T18:37:09Z
6397,Ramos G.,Milan,MIL,A,pc,27,27,237,118,148,1 Top Assoluto (1° Slot),1° Rigorista Milan,,2,6.5,8.0,1,0,0,0,0,0,0,0,0,14.12,3.95,0.42,0.12,46.3,True,,2026-09-02T18:37:09Z
4777,McTominay,Napoli,NAP,C,c;t,27,28,220,110,138,1 Top Centrocampo,,,2,5.75,5.75,0,0,0,0,0,0,0,0,0,5.5,6.29,0.16,0.18,44.77,True,,2026-09-02T18:37:09Z
7017,Douvikas,Como,COM,A,pc,22,20,185,92,115,2 Secondo Slot di Lusso,,,2,6.75,9.75,2,0,0,0,0,0,0,0,0,10.11,3.08,0.3,0.09,45.62,True,,2026-09-02T18:37:09Z
2097,Kean,Como,COM,A,pc,24,25,183,92,115,2 Secondo Slot di Lusso,,,1,6.0,6.0,0,0,0,0,0,0,0,0,0,8.32,3.05,0.24,0.09,43.5,True,,2026-09-02T18:37:09Z
2167,Orsolini,Bologna,BOL,C,w;a,25,26,177,88,110,1 Top Centrocampo,"1° Rigorista Bologna, Punizioni",,2,5.75,5.75,0,0,0,0,0,0,0,0,0,5.92,6.26,0.17,0.18,45.73,True,,2026-09-02T18:37:09Z
5951,Kolo Muani,Juventus,JUV,A,pc,25,26,165,82,102,2 Secondo Slot di Lusso,,,2,5.5,5.5,0,0,0,0,0,0,0,0,0,7.5,2.75,0.22,0.08,43.02,True,,2026-09-02T18:37:09Z
6752,Woltemade,Juventus,JUV,A,a,23,23,160,80,100,2 Secondo Slot di Lusso,,,0,0.0,0.0,0,0,0,0,0,0,0,0,0,7.27,2.67,0.21,0.08,42.94,True,,2026-09-02T18:37:09Z
2423,Pulisic,Milan,MIL,C,t;a,24,25,150,75,94,1 Top Centrocampo,"Rigorista Milan, Punizioni",,0,0.0,0.0,0,0,0,0,0,0,0,0,0,5.25,5.49,0.15,0.16,45.56,True,,2026-09-02T18:37:09Z
2379,Rabiot,Milan,MIL,C,c;t,23,22,145,72,90,1 Top Centrocampo,,,2,6.75,8.75,1,0,0,0,0,1,0,0,0,4.38,4.94,0.13,0.15,47.39,True,,2026-09-02T18:37:09Z
2137,Scamacca,Atalanta,ATA,A,pc,19,19,110,55,69,2 Secondo Slot di Lusso,,,2,5.75,5.75,0,0,0,0,0,0,0,0,0,5.0,1.83,0.15,0.05,42.26,True,,2026-09-02T18:37:09Z
5637,Davis K.,Udinese,UDI,A,pc,19,19,108,54,68,2 Secondo Slot di Lusso,,,1,6.5,6.5,0,0,0,0,0,0,0,0,0,4.91,1.8,0.14,0.05,43.66,True,,2026-09-02T18:37:09Z
2517,De Bruyne,Napoli,NAP,C,t,17,15,108,54,68,1 Top Centrocampo,,,2,7.0,9.0,1,0,0,0,0,1,0,0,0,3.45,3.89,0.1,0.11,48.3,True,,2026-09-02T18:37:09Z
531,Berardi,Verona,VER,A,a,19,18,106,53,66,2 Secondo Slot di Lusso,,,1,7.0,10.0,1,0,0,0,0,0,0,0,0,5.67,1.77,0.17,0.05,45.34,True,,2026-09-02T18:37:09Z
7126,Baturina,Como,COM,C,t,20,19,105,52,65,1 Top Centrocampo,,,2,6.5,8.0,1,0,0,0,0,0,0,0,0,3.38,3.0,0.1,0.09,46.52,True,,2026-09-02T18:37:09Z
7071,Esposito F.P.,Inter,INT,A,pc,17,16,105,52,65,2 Secondo Slot di Lusso,,,2,7.0,9.0,1,0,0,0,0,1,0,0,0,5.62,2.45,0.17,0.07,45.56,True,,2026-09-02T18:37:09Z
6434,Yildiz,Juventus,JUV,A,a,22,23,100,50,62,2 Secondo Slot di Lusso,,,1,5.5,5.5,0,0,0,0,0,0,0,0,0,4.55,1.67,0.13,0.05,42.1,True,,2026-09-02T18:37:09Z
7556,Mora,Roma,ROM,C,t,20,19,100,50,62,1 Top Centrocampo,,,2,6.75,8.25,1,0,0,0,0,0,0,0,0,3.25,2.86,0.1,0.08,47.32,True,,2026-09-02T18:37:09Z
309,Dybala,Roma,ROM,A,a,16,14,100,50,62,2 Secondo Slot di Lusso,"1° Rigorista Roma, Punizioni, Corner",,2,7.5,9.0,0,0,0,0,0,3,0,0,0,7.05,3.77,0.21,0.11,48.31,True,,2026-09-02T18:37:09Z
6435,Krstovic,Atalanta,ATA,A,pc,18,18,98,49,61,3 Terzo Slot Titolare,1° Rigorista Lecce,,2,6.25,7.5,1,0,0,0,0,0,1,0,0,7.8,1.63,0.23,0.05,45.76,True,,2026-09-02T18:37:09Z
5995,De Ketelaere,Atalanta,ATA,A,a,17,17,95,48,60,3 Terzo Slot Titolare,,,2,5.75,5.75,0,0,0,0,0,0,0,0,0,4.32,1.58,0.13,0.05,41.99,True,,2026-09-02T18:37:09Z
5559,Da Cunha,Como,COM,C,c;t,18,18,87,44,55,1 Top Centrocampo,,,2,6.25,6.25,0,0,0,0,0,0,0,0,0,2.17,2.49,0.06,0.07,44.81,True,,2026-09-02T18:37:09Z
7181,Wesley,Roma,ROM,D,e,18,17,87,44,55,1 Top Difesa,,,2,6.75,7.25,0,0,0,0,0,1,0,0,0,1.52,2.28,0.04,0.07,55.54,True,,2026-09-02T18:37:09Z
632,Zaccagni,Lazio,LAZ,C,w;a,16,16,87,44,55,1 Top Centrocampo,"1° Rigorista Lazio, Capitano",,2,6.0,5.75,0,0,0,0,0,0,1,0,0,3.67,2.49,0.11,0.07,45.52,True,,2026-09-02T18:37:09Z
5841,Svilar,Roma,ROM,P,por,19,18,85,42,52,1 Top Portiere,,,2,6.25,6.25,0,0,0,0,0,0,0,0,0,0.0,0.0,0.0,0.0,80.0,True,,2026-09-02T18:37:09Z
6060,Laurient&#xE8;,Verona,VER,A,a,15,15,83,42,52,3 Terzo Slot Titolare,,,2,6.25,6.0,0,0,0,0,0,0,1,0,0,3.77,1.38,0.11,0.04,42.84,True,,2026-09-02T18:37:09Z
1870,Barella,Inter,INT,C,c,18,17,81,40,50,1 Top Centrocampo,,,2,6.5,7.0,0,0,0,0,0,1,0,0,0,2.02,3.11,0.06,0.09,46.09,True,,2026-09-02T18:37:09Z
2766,Zaniolo,Udinese,UDI,C,t;a,18,18,80,40,50,1 Top Centrocampo,,,1,6.5,6.5,0,0,0,0,0,0,0,0,0,2.0,2.29,0.06,0.07,45.76,True,,2026-09-02T18:37:09Z
2061,Simeone,Torino,TOR,A,pc,14,15,80,40,50,3 Terzo Slot Titolare,,,2,5.5,5.5,0,0,0,0,0,0,0,0,0,3.64,1.33,0.11,0.04,41.75,True,,2026-09-02T18:37:09Z
4998,Molina N.,Roma,ROM,D,e,18,18,78,39,49,1 Top Difesa,,,1,6.0,6.0,0,0,0,0,0,0,0,0,0,0.92,1.42,0.03,0.04,48.33,True,,2026-09-02T18:37:09Z
6908,Atta,Fiorentina,FIO,C,c;t,15,17,78,39,49,1 Top Centrocampo,,,2,4.5,4.5,0,0,0,0,0,0,0,0,0,1.95,2.23,0.06,0.07,43.09,True,,2026-09-02T18:37:09Z
4510,Leao,Milan,MIL,A,a,18,18,75,38,48,3 Terzo Slot Titolare,,,0,0.0,0.0,0,0,0,0,0,0,0,0,0,3.41,1.25,0.1,0.04,41.62,True,,2026-09-02T18:37:09Z
2848,Frattesi,Lazio,LAZ,C,c;t,10,7,75,38,48,1 Top Centrocampo,,,2,7.25,10.25,2,0,0,0,0,0,0,0,0,3.38,2.14,0.1,0.06,50.39,True,,2026-09-02T18:37:09Z
4371,Raspadori,Atalanta,ATA,A,a,14,13,73,36,45,3 Terzo Slot Titolare,,,2,6.25,7.75,1,0,0,0,0,0,0,0,0,4.17,1.22,0.12,0.04,43.65,True,,2026-09-02T18:37:09Z
5687,Vlasic,Torino,TOR,C,t,13,14,73,36,45,1 Top Centrocampo,,,2,5.25,5.25,0,0,0,0,0,0,0,0,0,1.82,2.09,0.05,0.06,43.02,True,,2026-09-02T18:37:09Z
4973,McKennie,Juventus,JUV,C,c;t,17,17,70,35,44,1 Top Centrocampo,,,1,6.0,6.0,0,0,0,0,0,0,0,0,0,1.75,2.0,0.05,0.06,43.76,True,,2026-09-02T18:37:09Z
4964,Vicario,Juventus,JUV,P,por,17,16,70,35,44,1 Top Portiere,,,2,6.25,6.25,0,0,0,0,0,0,0,0,0,0.0,0.0,0.0,0.0,81.75,True,,2026-09-02T18:37:09Z
6572,Castro S.,Roma,ROM,A,pc,14,14,70,35,44,3 Terzo Slot Titolare,,,2,6.0,6.0,0,0,0,0,0,0,0,0,0,3.18,1.17,0.09,0.03,42.08,True,,2026-09-02T18:37:09Z
5116,Martinez Jo.,Inter,INT,P,por,17,17,68,34,42,1 Top Portiere,,,2,6.0,5.5,0,1,0,0,0,0,0,0,0,0.0,0.0,0.0,0.0,79.5,True,,2026-09-02T18:37:09Z
6884,Conceicao,Juventus,JUV,C,w;a,13,12,68,34,42,1 Top Centrocampo,,,2,6.5,7.0,0,0,0,0,0,1,0,0,0,1.7,2.74,0.05,0.08,46.14,True,,2026-09-02T18:37:09Z
7351,Santos A.,Napoli,NAP,A,w;a,14,14,61,30,38,3 Terzo Slot Titolare,,,2,6.0,6.0,0,0,0,0,0,0,0,0,0,2.77,1.02,0.08,0.03,41.98,True,,2026-09-02T18:37:09Z
2788,Bremer,Juventus,JUV,D,dc,16,15,60,30,38,1 Top Difesa,,DIVINO,2,7.0,8.5,1,0,0,0,0,0,0,0,0,1.81,1.09,0.05,0.03,59.59,True,"Media voto 6.55+, muro invalicabile",2026-09-02T18:37:09Z
6684,Ekkelenkamp,Udinese,UDI,C,c;t,12,10,57,28,35,2 Semi-Top Bonus,,,2,7.0,9.0,1,0,0,0,0,1,0,0,0,2.17,2.43,0.06,0.07,49.7,True,,2026-09-02T18:37:09Z
4431,Carnesecchi,Atalanta,ATA,P,por,17,16,55,28,35,2 Semi-Top,,,2,6.75,6.75,0,1,0,0,0,1,0,0,0,0.0,0.0,0.0,0.0,88.5,True,,2026-09-02T18:37:09Z
7314,Taylor K.,Lazio,LAZ,C,c;t,13,13,53,26,32,2 Semi-Top Bonus,,,2,6.0,6.0,0,0,0,0,0,0,0,0,0,1.32,1.51,0.04,0.04,43.61,True,,2026-09-02T18:37:09Z
2038,Pinamonti,Lazio,LAZ,A,pc,12,13,53,26,32,3 Terzo Slot Titolare,1° Rigorista Genoa,,0,0.0,0.0,0,0,0,0,0,0,0,0,0,4.91,0.88,0.14,0.03,44.19,True,,2026-09-02T18:37:09Z
4312,Maignan,Milan,MIL,P,por,15,15,52,26,32,2 Semi-Top,,,2,6.0,5.5,0,1,0,0,0,0,0,0,0,0.0,0.0,0.0,0.0,81.5,True,,2026-09-02T18:37:09Z
4923,Colombo,Genoa,GEN,A,pc,11,11,52,26,32,3 Terzo Slot Titolare,Rigorista Empoli,,2,5.75,5.75,0,0,0,0,0,0,0,0,0,4.86,0.87,0.14,0.03,44.12,True,,2026-09-02T18:37:09Z
6675,Dovbyk,Bologna,BOL,A,pc,15,16,51,26,32,3 Terzo Slot Titolare,,,2,5.25,5.25,0,0,0,0,0,0,0,0,0,2.32,0.85,0.07,0.02,41.1,True,,2026-09-02T18:37:09Z
4409,Rrahmani,Napoli,NAP,D,dc,15,14,51,26,32,1 Top Difesa,"1° Rigorista Parma, Punizioni",,2,6.25,6.75,0,0,0,0,0,1,0,0,0,1.1,2.43,0.03,0.07,54.58,True,,2026-09-02T18:37:09Z
2296,Mancini,Roma,ROM,D,dc,16,15,50,25,31,1 Top Difesa,"1° Rigorista Parma, Punizioni",,2,6.5,7.0,0,0,0,0,0,1,0,0,0,1.09,2.41,0.03,0.07,56.7,True,,2026-09-02T18:37:09Z
6966,Butez,Como,COM,P,por,15,16,50,25,31,2 Semi-Top,,,2,5.75,4.75,0,2,0,0,0,0,0,0,0,0.0,0.0,0.0,0.0,79.75,True,,2026-09-02T18:37:09Z
5694,Beto,Fiorentina,FIO,A,pc,14,14,50,25,31,3 Terzo Slot Titolare,,,0,0.0,0.0,0,0,0,0,0,0,0,0,0,2.27,0.83,0.07,0.02,41.1,True,,2026-09-02T18:37:09Z
6967,Diao,Como,COM,A,w;a,12,11,50,25,31,3 Terzo Slot Titolare,,,2,6.25,6.75,0,0,0,0,0,1,0,0,0,2.27,1.53,0.07,0.04,42.85,True,,2026-09-02T18:37:09Z
7625,Goncalves P.,Fiorentina,FIO,C,w;t,12,12,50,25,31,2 Semi-Top Bonus,,,0,0.0,0.0,0,0,0,0,0,0,0,0,0,1.25,1.43,0.04,0.04,42.56,True,,2026-09-02T18:37:09Z
7078,Mastantuono,Fiorentina,FIO,C,w;t,11,12,50,25,31,2 Semi-Top Bonus,,,2,5.25,5.25,0,0,0,0,0,0,0,0,0,1.25,1.43,0.04,0.04,42.56,True,,2026-09-02T18:37:09Z
5022,Pavlovic,Milan,MIL,D,dc,14,14,49,24,30,1 Top Difesa,,,2,6.25,6.0,0,0,0,0,0,0,1,0,0,1.08,0.89,0.03,0.03,53.95,True,,2026-09-02T18:37:09Z
5734,Soul&#xE8;,Roma,ROM,A,a,13,12,48,24,30,3 Terzo Slot Titolare,,,2,6.5,8.0,1,0,0,0,0,0,0,0,0,3.03,0.8,0.09,0.02,44.44,True,,2026-09-02T18:37:09Z
572,Meret,Napoli,NAP,P,por,11,11,48,24,30,2 Semi-Top,,,2,6.0,5.0,0,2,0,0,0,0,0,0,0,0.0,0.0,0.0,0.0,82.0,True,,2026-09-02T18:37:09Z
4159,Akanji,Inter,INT,D,dc,15,16,47,24,30,1 Top Difesa,,,2,5.5,5.25,0,0,0,0,0,0,1,0,0,0.55,0.85,0.02,0.02,46.65,True,,2026-09-02T18:37:09Z
4976,Kalulu,Juventus,JUV,D,dd;dc,14,13,47,24,30,1 Top Difesa,,,2,6.5,6.5,0,0,0,0,0,0,0,0,0,1.05,0.85,0.03,0.02,55.85,True,,2026-09-02T18:37:09Z
5172,Jones C.,Inter,INT,C,c,12,12,47,24,30,2 Semi-Top Bonus,,,1,6.0,6.0,0,0,0,0,0,0,0,0,0,1.18,1.34,0.03,0.04,43.49,True,,2026-09-02T18:37:09Z
1850,Kessi&#xE8;,Atalanta,ATA,C,c,12,12,47,24,30,2 Semi-Top Bonus,,,0,0.0,0.0,0,0,0,0,0,0,0,0,0,1.18,1.34,0.03,0.04,42.47,True,,2026-09-02T18:37:09Z
6956,Solet,Udinese,UDI,D,dc,13,13,46,23,29,1 Top Difesa,,,2,6.0,6.0,0,0,0,0,0,0,0,0,0,0.54,0.84,0.02,0.02,48.29,True,,2026-09-02T18:37:09Z
5792,Ederson D.S.,Atalanta,ATA,C,m;c,12,12,46,23,29,2 Semi-Top Bonus,,,2,5.75,5.75,0,0,0,0,0,0,0,0,0,1.15,1.31,0.03,0.04,42.47,True,,2026-09-02T18:37:09Z
152,Zielinski,Inter,INT,C,c,12,10,45,22,28,2 Semi-Top Bonus,,,2,6.75,8.25,1,0,0,0,0,0,0,0,0,1.88,1.29,0.06,0.04,48.75,True,,2026-09-02T18:37:09Z
2606,Modric,Milan,MIL,C,m;c,12,12,45,22,28,2 Semi-Top Bonus,,,2,6.0,6.0,0,0,0,0,0,0,0,0,0,1.12,1.29,0.03,0.04,43.54,True,,2026-09-02T18:37:09Z
4179,Gonzalez N.,Juventus,JUV,C,w;a,12,11,45,22,28,2 Semi-Top Bonus,,,1,7.5,10.5,1,0,0,0,0,0,0,0,0,1.88,1.29,0.06,0.04,52.75,True,,2026-09-02T18:37:09Z
6372,Moreira,Milan,MIL,C,e;w,11,12,45,22,28,2 Semi-Top Bonus,,,0,0.0,0.0,0,0,0,0,0,0,0,0,0,1.12,1.29,0.03,0.04,42.48,True,,2026-09-02T18:37:09Z
2531,Lukaku,Napoli,NAP,A,pc,10,10,45,22,28,3 Terzo Slot Titolare,,,0,0.0,0.0,0,0,0,0,0,0,0,0,0,2.05,0.75,0.06,0.02,41.02,True,,2026-09-02T18:37:09Z
5119,Samardzic,Atalanta,ATA,C,c;t,13,12,44,22,28,2 Semi-Top Bonus,,,2,6.5,8.0,1,0,0,0,0,0,0,0,0,1.85,1.26,0.05,0.04,47.36,True,,2026-09-02T18:37:09Z
2120,Bastoni,Inter,INT,D,dc,14,14,43,22,28,1 Top Difesa,,SUPER,2,6.25,6.25,0,0,0,0,0,0,0,0,0,1.01,0.78,0.03,0.02,54.17,True,"Media voto eccellente, assist a ripetizione",2026-09-02T18:37:09Z
6274,Diouf,Inter,INT,C,e;c,9,8,43,22,28,2 Semi-Top Bonus,,,1,7.0,9.0,0,0,0,0,0,2,0,0,0,1.07,2.83,0.03,0.08,49.61,True,,2026-09-02T18:37:09Z
4317,N&#x27;Dicka,Roma,ROM,D,dc,13,13,42,21,26,1 Top Difesa,,,1,6.0,6.0,0,0,0,0,0,0,0,0,0,0.49,0.76,0.01,0.02,48.3,True,,2026-09-02T18:37:09Z
7436,Alajbegovic,Juventus,JUV,C,w;t,11,12,42,21,26,2 Semi-Top Bonus,,,1,5.5,5.5,0,0,0,0,0,0,0,0,0,1.05,1.2,0.03,0.04,42.38,True,,2026-09-02T18:37:09Z
5589,Kon&#xE8; M.,Roma,ROM,C,m;c,10,10,42,21,26,2 Semi-Top Bonus,,,2,6.5,6.25,0,0,0,0,0,0,1,0,0,1.05,1.2,0.03,0.04,46.21,True,,2026-09-02T18:37:09Z
5750,Ostigard,Genoa,GEN,D,dc,11,11,41,20,25,1 Top Difesa,,,2,6.5,6.0,0,0,0,0,0,0,2,0,0,0.98,0.75,0.03,0.02,56.77,True,,2026-09-02T18:37:09Z
4220,Zambo Anguissa,Napoli,NAP,C,c,10,11,41,20,25,2 Semi-Top Bonus,,,2,5.25,5.25,0,0,0,0,0,0,0,0,0,1.02,1.17,0.03,0.03,42.38,True,,2026-09-02T18:37:09Z
7023,Pellegrino M.,Fiorentina,FIO,A,pc,14,15,40,20,25,3 Terzo Slot Titolare,,,2,4.75,4.5,0,0,0,0,0,0,1,0,0,1.82,0.67,0.05,0.02,40.84,True,,2026-09-02T18:37:09Z
4463,Esposito Se.,Verona,VER,A,a,12,13,40,20,25,3 Terzo Slot Titolare,Punizioni / Rigorista Empoli,,0,0.0,0.0,0,0,0,0,0,0,0,0,0,4.32,0.67,0.13,0.02,44.32,True,,2026-09-02T18:37:09Z
5800,Gudmundsson A.,Lazio,LAZ,C,t;a,12,13,40,20,25,2 Semi-Top Bonus,"1° Rigorista Fiorentina, Punizioni",,1,4.5,4.0,0,0,0,0,0,0,1,0,0,2.5,2.34,0.07,0.07,45.54,True,,2026-09-02T18:37:09Z
6844,Rowe,Atalanta,ATA,C,w;t,10,11,40,20,25,2 Semi-Top Bonus,,,1,5.5,5.5,0,0,0,0,0,0,0,0,0,1.0,1.14,0.03,0.03,42.33,True,,2026-09-02T18:37:09Z
7523,Varela G.,Monza,MON,A,pc,7,3,40,20,25,3 Terzo Slot Titolare,,,2,7.0,10.0,2,0,0,0,0,0,0,0,0,3.52,0.67,0.1,0.02,47.67,True,,2026-09-02T18:37:09Z
2816,Di Lorenzo,Napoli,NAP,D,dd;e,12,12,39,20,25,1 Top Difesa,,,2,6.0,5.75,0,0,0,0,0,0,1,0,0,0.46,0.71,0.01,0.02,48.28,True,,2026-09-02T18:37:09Z
5844,Thorstvedt,Verona,VER,C,c;t,10,10,39,20,25,2 Semi-Top Bonus,,,2,6.0,6.0,0,0,0,0,0,0,0,0,0,0.97,1.11,0.03,0.03,43.39,True,,2026-09-02T18:37:09Z
5982,Spence,Inter,INT,D,e,11,12,37,18,22,2 Semi-Top / Mod,,,0,0.0,0.0,0,0,0,0,0,0,0,0,0,0.44,0.67,0.01,0.02,46.54,True,,2026-09-02T18:37:09Z
6229,Tour&#xE8; E.,Parma,PAR,A,pc,10,11,37,18,22,4 Quarto/Quinto Slot,,,2,5.5,5.5,0,0,0,0,0,0,0,0,0,1.68,0.62,0.05,0.02,40.8,True,,2026-09-02T18:37:09Z
7554,Romero D.,Parma,PAR,A,pc,10,10,37,18,22,4 Quarto/Quinto Slot,,,1,6.5,6.5,0,0,0,0,0,0,0,0,0,1.68,0.62,0.05,0.02,43.57,True,,2026-09-02T18:37:09Z
536,Politano,Napoli,NAP,C,w,9,10,37,18,22,2 Semi-Top Bonus,,,2,5.5,5.25,0,0,0,0,0,0,1,0,0,0.93,1.06,0.03,0.03,42.3,True,,2026-09-02T18:37:09Z
6217,Bisseck,Inter,INT,D,dc,12,11,36,18,22,2 Semi-Top / Mod,,,2,6.75,8.25,1,0,0,0,0,0,0,0,0,1.52,0.65,0.04,0.02,60.98,True,,2026-09-02T18:37:09Z
7547,Kevin Carlos,Cagliari,CAG,A,pc,12,13,36,18,22,4 Quarto/Quinto Slot,,,1,5.5,5.0,0,0,0,0,0,0,1,0,0,1.64,0.6,0.05,0.02,40.73,True,,2026-09-02T18:37:09Z
6482,Mandas,Lazio,LAZ,P,por,10,9,36,18,22,3 Titolare Medio,"1° Rigorista Parma, Punizioni",,2,6.25,6.25,0,0,0,0,0,0,0,0,0,0.0,0.0,0.0,0.0,86.0,True,,2026-09-02T18:37:09Z
4892,Saelemaekers,Milan,MIL,C,e;w,11,10,35,18,22,2 Semi-Top Bonus,,,2,6.5,7.0,0,0,0,0,0,1,0,0,0,0.88,1.8,0.03,0.05,46.85,True,,2026-09-02T18:37:09Z
7484,Adams A.,Venezia,VEN,A,pc,11,12,35,18,22,4 Quarto/Quinto Slot,,,2,5.5,5.5,0,0,0,0,0,0,0,0,0,1.59,0.58,0.05,0.02,40.64,True,,2026-09-02T18:37:09Z
7223,Vergara,Napoli,NAP,C,w;t,10,8,35,18,22,2 Semi-Top Bonus,,,1,7.5,11.5,1,0,0,0,0,1,0,0,0,1.62,1.8,0.05,0.05,54.16,True,,2026-09-02T18:37:09Z
6151,Perrone,Como,COM,C,m;c,10,10,34,17,21,3 Titolare / Scommessa,,,2,6.0,6.0,0,0,0,0,0,0,0,0,0,0.85,0.97,0.02,0.03,43.42,True,,2026-09-02T18:37:09Z
6666,Bernab&#xE8;,Parma,PAR,C,c,7,7,34,17,21,3 Titolare / Scommessa,,,2,5.75,5.75,0,0,0,0,0,0,0,0,0,0.85,0.97,0.02,0.03,42.18,True,,2026-09-02T18:37:09Z
6646,Adams C.,Torino,TOR,A,a,10,9,33,16,20,4 Quarto/Quinto Slot,,,2,6.5,8.0,1,0,0,0,0,0,0,0,0,2.35,0.55,0.07,0.02,45.0,True,,2026-09-02T18:37:09Z
827,Locatelli,Juventus,JUV,C,m;c,9,8,33,16,20,3 Titolare / Scommessa,,,2,6.5,6.75,0,0,0,0,0,1,1,0,0,0.82,1.74,0.02,0.05,47.18,True,,2026-09-02T18:37:09Z
133,Skorupski,Bologna,BOL,P,por,10,10,32,16,20,3 Titolare Medio,,,2,5.5,4.5,0,2,0,0,0,0,0,0,0,0.0,0.0,0.0,0.0,82.0,True,,2026-09-02T18:37:09Z
5641,Chalobah T.,Como,COM,D,dd;dc,10,9,32,16,20,2 Semi-Top / Mod,,,2,6.5,6.5,0,0,0,0,0,0,0,0,0,0.88,0.58,0.03,0.02,57.92,True,,2026-09-02T18:37:09Z
7347,Bowie,Verona,VER,A,pc,9,10,32,16,20,4 Quarto/Quinto Slot,,,2,5.5,5.5,0,0,0,0,0,0,0,0,0,1.45,0.53,0.04,0.02,40.59,True,,2026-09-02T18:37:09Z
5833,Gila,Milan,MIL,D,dc,13,12,31,16,20,2 Semi-Top / Mod,,,2,6.5,6.5,0,0,0,0,0,0,0,0,0,0.86,0.56,0.03,0.02,57.85,True,,2026-09-02T18:37:09Z
7129,Rodriguez Je.,Como,COM,C,w;a,11,12,31,16,20,3 Titolare / Scommessa,,,1,5.5,5.5,0,0,0,0,0,0,0,0,0,0.78,0.89,0.02,0.03,42.07,True,,2026-09-02T18:37:09Z
6869,Ramon,Como,COM,D,dc,10,10,31,16,20,2 Semi-Top / Mod,,,2,6.0,6.0,0,0,0,0,0,0,0,0,0,0.36,0.56,0.01,0.02,48.34,True,,2026-09-02T18:37:09Z
7612,Bobcek,Empoli,EMP,A,pc,9,9,31,16,20,4 Quarto/Quinto Slot,,,0,0.0,0.0,0,0,0,0,0,0,0,0,0,1.41,0.52,0.04,0.02,40.52,True,,2026-09-02T18:37:09Z
2521,De Gea,Fiorentina,FIO,P,por,11,13,30,15,19,3 Titolare Medio,,,2,5.25,1.75,0,7,0,0,0,0,0,0,0,0.0,0.0,0.0,0.0,82.25,True,,2026-09-02T18:37:09Z
5514,Vasquez,Genoa,GEN,D,ds;dc,9,9,30,15,19,2 Semi-Top / Mod,,,2,5.75,5.75,0,0,0,0,0,0,0,0,0,0.35,0.55,0.01,0.02,46.37,True,,2026-09-02T18:37:09Z
4364,Gaetano,Atalanta,ATA,C,m;c,7,7,30,15,19,3 Titolare / Scommessa,,,2,5.75,6.25,0,0,0,0,0,1,0,0,0,0.75,1.66,0.02,0.05,42.6,True,,2026-09-02T18:37:09Z
7412,Milla,Como,COM,C,m;c,6,5,30,15,19,3 Titolare / Scommessa,,,2,6.75,6.75,0,0,0,0,0,0,0,0,0,0.75,0.86,0.02,0.03,48.39,True,,2026-09-02T18:37:09Z
779,Cristante,Roma,ROM,C,m;c,9,8,29,14,18,3 Titolare / Scommessa,,,2,6.5,6.5,0,0,0,0,0,0,0,0,0,0.72,0.83,0.02,0.02,46.92,True,,2026-09-02T18:37:09Z
4359,Piccoli,Bologna,BOL,A,pc,8,8,29,14,18,4 Quarto/Quinto Slot,,,2,5.5,5.5,0,0,0,0,0,0,0,0,0,1.32,0.48,0.04,0.01,40.55,True,,2026-09-02T18:37:09Z
5823,Baldanzi,Genoa,GEN,C,t,11,11,28,14,18,3 Titolare / Scommessa,,,2,5.75,5.75,0,0,0,0,0,0,0,0,0,0.7,0.8,0.02,0.02,42.01,True,,2026-09-02T18:37:09Z
5526,Scalvini,Atalanta,ATA,D,dc,10,10,28,14,18,2 Semi-Top / Mod,,,2,6.0,6.0,0,0,0,0,0,0,0,0,0,0.33,0.51,0.01,0.01,48.47,True,,2026-09-02T18:37:09Z
6462,Okoye,Udinese,UDI,P,por,9,9,28,14,18,3 Titolare Medio,,,2,6.25,4.75,0,3,0,0,0,0,0,0,0,0.0,0.0,0.0,0.0,78.25,True,,2026-09-02T18:37:09Z
7600,Osmajic,Genoa,GEN,A,pc,8,8,28,14,18,4 Quarto/Quinto Slot,,,1,5.5,5.5,0,0,0,0,0,0,0,0,0,1.27,0.47,0.04,0.01,40.46,True,,2026-09-02T18:37:09Z
6833,Mbangula,Bologna,BOL,C,w;a,8,8,28,14,18,3 Titolare / Scommessa,,,0,0.0,0.0,0,0,0,0,0,0,0,0,0,0.7,0.8,0.02,0.02,42.01,True,,2026-09-02T18:37:09Z
6827,Njie,Fiorentina,FIO,C,w;a,4,4,28,14,18,3 Titolare / Scommessa,,,1,6.5,6.5,0,0,0,0,0,0,0,0,0,0.7,0.8,0.02,0.02,46.86,True,,2026-09-02T18:37:09Z
184,Bernardeschi,Bologna,BOL,C,w;t,10,9,27,14,18,3 Titolare / Scommessa,,,2,6.5,6.5,0,0,0,0,0,0,0,0,0,0.68,0.77,0.02,0.02,46.79,True,,2026-09-02T18:37:09Z
5436,Raimondo,Empoli,EMP,A,pc,9,7,27,14,18,4 Quarto/Quinto Slot,,,2,6.75,9.5,2,0,0,0,0,0,1,0,0,2.93,0.45,0.09,0.01,47.68,True,,2026-09-02T18:37:09Z
5888,Casadei,Torino,TOR,C,c;t,9,10,27,14,18,3 Titolare / Scommessa,,,1,5.0,5.0,0,0,0,0,0,0,0,0,0,0.68,0.77,0.02,0.02,41.95,True,,2026-09-02T18:37:09Z
6904,Yeboah J.,Venezia,VEN,A,a,9,8,27,14,18,4 Quarto/Quinto Slot,,,2,6.25,6.25,0,0,0,0,0,0,0,0,0,1.23,0.45,0.04,0.01,42.45,True,,2026-09-02T18:37:09Z
7472,Cal&#xF2;,Empoli,EMP,C,m;c,8,7,27,14,18,3 Titolare / Scommessa,,,2,6.25,6.75,0,0,0,0,0,1,0,0,0,0.68,1.57,0.02,0.05,45.62,True,,2026-09-02T18:37:09Z
2832,Boga,Juventus,JUV,A,w;a,7,6,27,14,18,4 Quarto/Quinto Slot,,,2,6.0,6.0,0,0,0,0,0,0,0,0,0,1.23,0.45,0.04,0.01,41.3,True,,2026-09-02T18:37:09Z
4807,Hermoso,Roma,ROM,D,dc,11,10,26,13,16,2 Semi-Top / Mod,,,2,6.5,6.25,0,0,0,0,0,0,1,0,0,0.81,0.47,0.02,0.01,59.18,True,,2026-09-02T18:37:09Z
6534,Perri,Torino,TOR,P,por,9,9,26,13,16,3 Titolare Medio,,,0,0.0,0.0,0,0,0,0,0,0,0,0,0,0.0,0.0,0.0,0.0,71.69,True,,2026-09-02T18:37:09Z
2134,Falcone,Lecce,LEC,P,por,8,8,26,13,16,3 Titolare Medio,,,2,6.25,4.25,0,4,0,0,0,0,0,0,0,0.0,0.0,0.0,0.0,78.44,True,,2026-09-02T18:37:09Z
5427,Gutierrez,Napoli,NAP,D,ds;e,8,8,26,13,16,2 Semi-Top / Mod,,,0,0.0,0.0,0,0,0,0,0,0,0,0,0,0.31,0.47,0.01,0.01,46.3,True,,2026-09-02T18:37:09Z
4137,Diego Carlos,Parma,PAR,D,dc,8,8,26,13,16,2 Semi-Top / Mod,,,0,0.0,0.0,0,0,0,0,0,0,0,0,0,0.31,0.47,0.01,0.01,46.3,True,,2026-09-02T18:37:09Z
2514,Stones,Inter,INT,D,dc,12,12,25,12,15,2 Semi-Top / Mod,,,2,6.0,6.0,0,0,0,0,0,0,0,0,0,0.29,0.45,0.01,0.01,48.6,True,,2026-09-02T18:37:09Z
4360,Caprile,Cagliari,CAG,P,por,10,9,25,12,15,3 Titolare Medio,,,2,6.5,6.0,0,1,0,0,0,0,0,0,0,0.0,0.0,0.0,0.0,82.42,True,,2026-09-02T18:37:09Z
5562,Thuram K.,Juventus,JUV,C,c,9,10,25,12,15,3 Titolare / Scommessa,,,0,0.0,0.0,0,0,0,0,0,0,0,0,0,0.62,0.71,0.02,0.02,41.95,True,,2026-09-02T18:37:09Z
5500,Cancellieri,Lazio,LAZ,C,w;a,9,9,25,12,15,3 Titolare / Scommessa,,,2,5.75,5.5,0,0,0,0,0,0,1,0,0,0.62,0.71,0.02,0.02,41.95,True,,2026-09-02T18:37:09Z
5735,Volpato,Verona,VER,C,w;t,9,7,25,12,15,3 Titolare / Scommessa,,,2,6.75,8.0,1,0,0,0,0,0,1,0,0,1.38,0.71,0.04,0.02,50.87,True,,2026-09-02T18:37:09Z
4436,Cambiaghi,Bologna,BOL,C,w;a,8,8,25,12,15,3 Titolare / Scommessa,,,2,6.0,5.75,0,0,0,0,0,0,1,0,0,0.62,0.71,0.02,0.02,43.46,True,,2026-09-02T18:37:09Z
5544,David,Juventus,JUV,A,pc,8,9,25,12,15,4 Quarto/Quinto Slot,,,1,5.0,5.0,0,0,0,0,0,0,0,0,0,1.14,0.42,0.03,0.01,40.42,True,,2026-09-02T18:37:09Z
1852,Spinazzola,Napoli,NAP,D,ds;e,8,8,25,12,15,2 Semi-Top / Mod,,,2,5.75,5.75,0,0,0,0,0,0,0,0,0,0.29,0.45,0.01,0.01,46.28,True,,2026-09-02T18:37:09Z
6727,Couto,Como,COM,D,dd;e,8,8,25,12,15,2 Semi-Top / Mod,,,2,5.5,5.5,0,0,0,0,0,0,0,0,0,0.29,0.45,0.01,0.01,46.28,True,,2026-09-02T18:37:09Z
7551,Schmid,Empoli,EMP,C,w;t,8,8,25,12,15,3 Titolare / Scommessa,,,2,5.75,5.5,0,0,0,0,0,0,1,0,0,0.62,0.71,0.02,0.02,41.95,True,,2026-09-02T18:37:09Z
7618,Hutchinson,Milan,MIL,C,w;a,8,8,25,12,15,3 Titolare / Scommessa,,,0,0.0,0.0,0,0,0,0,0,0,0,0,0,0.62,0.71,0.02,0.02,41.95,True,,2026-09-02T18:37:09Z
6344,Sanchez Ro.,Como,COM,P,por,8,8,25,12,15,3 Titolare Medio,,,0,0.0,0.0,0,0,0,0,0,0,0,0,0,0.0,0.0,0.0,0.0,71.92,True,,2026-09-02T18:37:09Z
5620,Tavares N.,Lazio,LAZ,D,ds;e,7,6,25,12,15,2 Semi-Top / Mod,,SUPER,1,6.5,7.5,0,0,0,0,0,1,0,0,0,0.79,1.15,0.02,0.03,60.42,True,Macchina da assist sulla fascia,2026-09-02T18:37:09Z
5680,Sarr P.,Juventus,JUV,C,m;c,7,7,25,12,15,3 Titolare / Scommessa,,,0,0.0,0.0,0,0,0,0,0,0,0,0,0,0.62,0.71,0.02,0.02,41.95,True,,2026-09-02T18:37:09Z
7623,Gnonto,Fiorentina,FIO,A,w;a,7,7,25,12,15,4 Quarto/Quinto Slot,,,0,0.0,0.0,0,0,0,0,0,0,0,0,0,1.14,0.42,0.03,0.01,40.42,True,,2026-09-02T18:37:09Z
6204,Kvernadze,Empoli,EMP,A,w;a,6,4,24,12,15,4 Quarto/Quinto Slot,,,2,6.75,7.25,0,0,0,0,0,1,0,0,0,1.09,1.1,0.03,0.03,45.55,True,,2026-09-02T18:37:09Z
7060,Cacciamani,Torino,TOR,C,e;w,6,5,24,12,15,3 Titolare / Scommessa,"1° Rigorista Parma, Punizioni",,2,6.0,6.5,0,0,0,0,0,1,0,0,0,2.1,2.69,0.06,0.08,48.32,True,,2026-09-02T18:37:09Z
6618,Ciss&#xE8; A.,Milan,MIL,C,w;t,5,3,24,12,15,3 Titolare / Scommessa,,,2,6.25,7.75,1,0,0,0,0,0,0,0,0,1.35,0.69,0.04,0.02,47.0,True,,2026-09-02T18:37:09Z
2155,Cutrone,Monza,MON,A,pc,9,9,23,12,15,4 Quarto/Quinto Slot,"1° Rigorista Como, Capitano",,2,6.0,6.0,0,0,0,0,0,0,0,0,0,3.55,0.38,0.1,0.01,45.96,True,,2026-09-02T18:37:09Z
4734,Miranda J.,Bologna,BOL,D,ds;e,8,8,23,12,15,2 Semi-Top / Mod,,,1,6.0,6.0,0,0,0,0,0,0,0,0,0,0.27,0.42,0.01,0.01,48.52,True,,2026-09-02T18:37:09Z
1933,Mandragora,Torino,TOR,C,c,8,9,23,12,15,3 Titolare / Scommessa,"1° Rigorista Parma, Punizioni",,2,5.25,5.25,0,0,0,0,0,0,0,0,0,2.08,1.86,0.06,0.05,46.13,True,,2026-09-02T18:37:09Z
6530,Ghedjemis,Empoli,EMP,A,w;a,8,9,23,12,15,4 Quarto/Quinto Slot,,,0,0.0,0.0,0,0,0,0,0,0,0,0,0,1.05,0.38,0.03,0.01,40.23,True,,2026-09-02T18:37:09Z
5029,Geubbels,Lecce,LEC,A,pc,8,9,23,12,15,4 Quarto/Quinto Slot,,,2,5.25,5.25,0,0,0,0,0,0,0,0,0,1.05,0.38,0.03,0.01,40.23,True,,2026-09-02T18:37:09Z
4287,Lobotka,Napoli,NAP,C,m;c,8,7,23,12,15,3 Titolare / Scommessa,,,2,6.25,6.25,0,0,0,0,0,0,0,0,0,0.57,0.66,0.02,0.02,45.2,True,,2026-09-02T18:37:09Z
5858,Ferguson,Bologna,BOL,C,m;c,7,7,23,12,15,3 Titolare / Scommessa,,,2,6.0,6.0,0,0,0,0,0,0,0,0,0,0.57,0.66,0.02,0.02,43.31,True,,2026-09-02T18:37:09Z
7619,Monteiro J.,Lecce,LEC,C,w;a,7,7,23,12,15,3 Titolare / Scommessa,,,0,0.0,0.0,0,0,0,0,0,0,0,0,0,0.57,0.66,0.02,0.02,41.79,True,,2026-09-02T18:37:09Z
6010,Fazzini,Cagliari,CAG,C,c;t,6,7,23,12,15,3 Titolare / Scommessa,1° Rigorista / Punizioni Empoli,,2,5.5,5.25,0,0,0,0,0,0,1,0,0,2.08,1.86,0.06,0.05,46.13,True,,2026-09-02T18:37:09Z
6398,Isaksen,Lazio,LAZ,C,w;a,9,9,22,11,14,3 Titolare / Scommessa,,,2,6.0,6.0,0,0,0,0,0,0,0,0,0,0.55,0.63,0.02,0.02,43.41,True,,2026-09-02T18:37:09Z
7313,Ratkov,Lazio,LAZ,A,pc,9,10,22,11,14,4 Quarto/Quinto Slot,,,0,0.0,0.0,0,0,0,0,0,0,0,0,0,1.0,0.37,0.03,0.01,40.24,True,,2026-09-02T18:37:09Z
2077,Pasalic,Atalanta,ATA,C,c;t,8,9,22,11,14,3 Titolare / Scommessa,,,2,5.5,5.5,0,0,0,0,0,0,0,0,0,0.55,0.63,0.02,0.02,41.82,True,,2026-09-02T18:37:09Z
6496,Bartesaghi,Milan,MIL,D,ds;e,8,8,22,11,14,2 Semi-Top / Mod,,,2,6.0,6.0,0,0,0,0,0,0,0,0,0,0.26,0.4,0.01,0.01,48.64,True,,2026-09-02T18:37:09Z
4856,Chukwueze,Milan,MIL,C,e;w,8,6,22,11,14,3 Titolare / Scommessa,,,2,6.75,7.25,0,0,0,0,0,1,0,0,0,0.55,1.43,0.02,0.04,50.02,True,,2026-09-02T18:37:09Z
5862,Valeri,Parma,PAR,D,ds;e,8,8,22,11,14,2 Semi-Top / Mod,,,2,6.0,6.0,0,0,0,0,0,0,0,0,0,0.26,0.4,0.01,0.01,48.64,True,,2026-09-02T18:37:09Z
6294,Ndour,Fiorentina,FIO,C,c,7,8,22,11,14,3 Titolare / Scommessa,,,2,5.0,5.0,0,0,0,0,0,0,0,0,0,0.55,0.63,0.02,0.02,41.82,True,,2026-09-02T18:37:09Z
4479,Elmas,Atalanta,ATA,C,w;t,7,7,22,11,14,3 Titolare / Scommessa,,,1,5.5,5.5,0,0,0,0,0,0,0,0,0,0.55,0.63,0.02,0.02,41.82,True,,2026-09-02T18:37:09Z
7070,Sucic P.,Inter,INT,C,c,9,8,21,10,12,3 Titolare / Scommessa,,,2,6.5,6.5,0,0,0,0,0,0,0,0,0,0.53,0.6,0.02,0.02,47.74,True,,2026-09-02T18:37:09Z
6664,Delprato,Parma,PAR,D,b;dd;e,8,8,21,10,12,2 Semi-Top / Mod,,,2,6.0,5.75,0,0,0,0,0,0,1,0,0,0.25,0.38,0.01,0.01,48.78,True,,2026-09-02T18:37:09Z
7311,Romano,Cagliari,CAG,C,m;c,7,5,21,10,12,3 Titolare / Scommessa,"1° Rigorista Parma, Punizioni",,2,6.5,8.0,1,0,0,0,0,0,0,0,0,2.77,1.8,0.08,0.05,54.4,True,,2026-09-02T18:37:09Z
6867,Valle,Como,COM,D,ds;e,6,6,21,10,12,2 Semi-Top / Mod,,,2,6.0,6.0,0,0,0,0,0,0,0,0,0,0.25,0.38,0.01,0.01,48.78,True,,2026-09-02T18:37:09Z
6678,Liberali,Como,COM,C,t,6,6,21,10,12,3 Titolare / Scommessa,,,1,6.0,6.0,0,0,0,0,0,0,0,0,0,0.53,0.6,0.02,0.02,43.53,True,,2026-09-02T18:37:09Z
4896,Maldini,Cagliari,CAG,A,t;a,5,5,21,10,12,4 Quarto/Quinto Slot,,,2,5.75,5.75,0,0,0,0,0,0,0,0,0,0.95,0.35,0.03,0.01,40.25,True,,2026-09-02T18:37:09Z
4728,Nkunku,Milan,MIL,A,a,13,13,20,10,12,4 Quarto/Quinto Slot,,,0,0.0,0.0,0,0,0,0,0,0,0,0,0,0.91,0.33,0.03,0.01,40.15,True,,2026-09-02T18:37:09Z
5672,Dia,Lazio,LAZ,A,a,10,10,20,10,12,4 Quarto/Quinto Slot,,,2,6.0,6.25,0,0,0,0,0,1,1,0,0,0.91,1.03,0.03,0.03,41.77,True,,2026-09-02T18:37:09Z
5885,Dod&#xF2;,Fiorentina,FIO,D,dd;e,9,10,20,10,12,2 Semi-Top / Mod,,,1,5.0,5.0,0,0,0,0,0,0,0,0,0,0.24,0.36,0.01,0.01,46.16,True,,2026-09-02T18:37:09Z
530,Pellegrini Lo.,Roma,ROM,C,c;t,9,10,20,10,12,3 Titolare / Scommessa,,,0,0.0,0.0,0,0,0,0,0,0,0,0,0,0.5,0.57,0.01,0.02,41.74,True,,2026-09-02T18:37:09Z
6989,Tiago Gabriel,Lecce,LEC,D,dc,8,7,20,10,12,2 Semi-Top / Mod,,,2,6.0,7.5,1,0,0,0,0,0,0,0,0,0.84,0.36,0.02,0.01,50.65,True,,2026-09-02T18:37:09Z
6717,Kon&#xE8; I.,Verona,VER,C,c,8,9,20,10,12,3 Titolare / Scommessa,,,0,0.0,0.0,0,0,0,0,0,0,0,0,0,0.5,0.57,0.01,0.02,41.74,True,,2026-09-02T18:37:09Z
5675,Theate,Bologna,BOL,D,ds;dc,8,8,20,10,12,2 Semi-Top / Mod,,,0,0.0,0.0,0,0,0,0,0,0,0,0,0,0.24,0.36,0.01,0.01,46.16,True,,2026-09-02T18:37:09Z
4210,Mina,Cagliari,CAG,D,dc,7,8,20,10,12,2 Semi-Top / Mod,,,0,0.0,0.0,0,0,0,0,0,0,0,0,0,0.24,0.36,0.01,0.01,46.16,True,,2026-09-02T18:37:09Z
5365,Dragusin,Fiorentina,FIO,D,dc,7,8,20,10,12,2 Semi-Top / Mod,,,2,4.0,3.75,0,0,0,0,0,0,1,0,0,0.24,0.36,0.01,0.01,46.16,True,,2026-09-02T18:37:09Z
4465,Fagioli,Fiorentina,FIO,C,m;c,7,8,20,10,12,3 Titolare / Scommessa,,,2,5.5,5.25,0,0,0,0,0,0,1,0,0,0.5,0.57,0.01,0.02,41.74,True,,2026-09-02T18:37:09Z
6641,Suzuki,Parma,PAR,P,por,7,7,20,10,12,3 Titolare Medio,,,0,0.0,0.0,0,0,0,0,0,0,0,0,0,0.0,0.0,0.0,0.0,72.5,True,,2026-09-02T18:37:09Z
6680,Karlstrom,Udinese,UDI,C,m;c,7,6,20,10,12,3 Titolare / Scommessa,,,2,6.5,6.5,0,0,0,0,0,0,0,0,0,0.5,0.57,0.01,0.02,47.63,True,,2026-09-02T18:37:09Z
7220,Belghali,Torino,TOR,D,dd;e,7,7,20,10,12,2 Semi-Top / Mod,,,0,0.0,0.0,0,0,0,0,0,0,0,0,0,0.24,0.36,0.01,0.01,46.16,True,,2026-09-02T18:37:09Z
5877,Carlos Augusto,Inter,INT,D,b;ds;e,6,7,20,10,12,2 Semi-Top / Mod,,,0,0.0,0.0,0,0,0,0,0,0,0,0,0,0.24,0.36,0.01,0.01,46.16,True,,2026-09-02T18:37:09Z
460,Romagnoli,Lazio,LAZ,D,dc,6,7,20,10,12,2 Semi-Top / Mod,,,0,0.0,0.0,0,0,0,0,0,0,0,0,0,0.24,0.36,0.01,0.01,46.16,True,,2026-09-02T18:37:09Z
2188,Marusic,Lazio,LAZ,D,dd;ds;e,6,6,20,10,12,2 Semi-Top / Mod,,,1,6.0,6.0,0,0,0,0,0,0,0,0,0,0.24,0.36,0.01,0.01,48.73,True,,2026-09-02T18:37:09Z
6831,Neres,Napoli,NAP,A,w;a,6,6,20,10,12,4 Quarto/Quinto Slot,,,0,0.0,0.0,0,0,0,0,0,0,0,0,0,0.91,0.33,0.03,0.01,40.15,True,,2026-09-02T18:37:09Z
6485,Kristensen T.,Atalanta,ATA,D,dd;dc,6,7,20,10,12,2 Semi-Top / Mod,,,0,0.0,0.0,0,0,0,0,0,0,0,0,0,0.24,0.36,0.01,0.01,46.16,True,,2026-09-02T18:37:09Z
7624,Braganca,Torino,TOR,C,c,6,6,20,10,12,3 Titolare / Scommessa,,,0,0.0,0.0,0,0,0,0,0,0,0,0,0,0.5,0.57,0.01,0.02,41.74,True,,2026-09-02T18:37:09Z
5739,De Winter,Milan,MIL,D,dd;dc,5,3,20,10,12,2 Semi-Top / Mod,,,2,6.75,6.75,0,0,0,0,0,0,0,0,0,0.74,0.36,0.02,0.01,64.26,True,,2026-09-02T18:37:09Z
6519,Camarda,Milan,MIL,A,pc,4,5,20,10,12,4 Quarto/Quinto Slot,,,0,0.0,0.0,0,0,0,0,0,0,0,0,0,0.91,0.33,0.03,0.01,40.15,True,,2026-09-02T18:37:09Z
4994,Vojvoda,Udinese,UDI,D,dd;e,9,8,19,10,12,2 Semi-Top / Mod,,,2,6.5,6.5,0,0,0,0,0,0,0,0,0,0.72,0.35,0.02,0.01,60.97,True,,2026-09-02T18:37:09Z
554,Zappacosta,Atalanta,ATA,D,dd;e,8,8,19,10,12,2 Semi-Top / Mod,,,2,6.0,6.0,0,0,0,0,0,0,0,0,0,0.22,0.35,0.01,0.01,48.65,True,,2026-09-02T18:37:09Z
4433,Zortea,Bologna,BOL,D,dd;e,7,6,19,10,12,2 Semi-Top / Mod,,,2,6.0,6.0,0,0,0,0,0,0,0,0,0,0.22,0.35,0.01,0.01,48.65,True,,2026-09-02T18:37:09Z
5791,Frendrup,Genoa,GEN,C,m;c,7,7,19,10,12,3 Titolare / Scommessa,,,2,6.0,6.0,0,0,0,0,0,0,0,0,0,0.47,0.54,0.01,0.02,43.32,True,,2026-09-02T18:37:09Z
6190,Pisilli,Roma,ROM,C,c,7,5,19,10,12,3 Titolare / Scommessa,,,2,6.5,8.0,1,0,0,0,0,0,0,0,0,1.23,0.54,0.04,0.02,49.45,True,,2026-09-02T18:37:09Z
6672,Idzes,Verona,VER,D,dc,7,7,19,10,12,2 Semi-Top / Mod,,BUONO,1,6.0,6.0,0,0,0,0,0,0,0,0,0,0.72,0.35,0.02,0.01,54.54,True,Roccia difensiva del Venezia,2026-09-02T18:37:09Z
7580,Sutalo J.,Lazio,LAZ,D,dc,7,7,19,10,12,2 Semi-Top / Mod,,,0,0.0,0.0,0,0,0,0,0,0,0,0,0,0.22,0.35,0.01,0.01,46.08,True,,2026-09-02T18:37:09Z
6549,Pierotti,Lecce,LEC,C,w,6,6,19,10,12,3 Titolare / Scommessa,,,2,5.75,5.75,0,0,0,0,0,0,0,0,0,0.47,0.54,0.01,0.02,41.64,True,,2026-09-02T18:37:09Z
5674,Basic,Venezia,VEN,C,m;c,6,6,19,10,12,3 Titolare / Scommessa,,,2,5.75,5.75,0,0,0,0,0,0,0,0,0,0.47,0.54,0.01,0.02,41.64,True,,2026-09-02T18:37:09Z
5520,Cambiaso,Juventus,JUV,D,dd;ds;e,8,9,18,9,11,3 Titolare Low-Cost,,,1,6.0,5.5,0,0,0,0,0,0,1,0,0,0.21,0.33,0.01,0.01,48.81,True,,2026-09-02T18:37:09Z
5422,Zalewski,Atalanta,ATA,C,w,7,6,18,9,11,3 Titolare / Scommessa,,,2,6.25,6.75,0,0,0,0,0,1,0,0,0,0.45,1.31,0.01,0.04,46.41,True,,2026-09-02T18:37:09Z
6531,Jimenez A.,Fiorentina,FIO,D,dd;ds;e,7,8,18,9,11,3 Titolare Low-Cost,,,2,5.0,4.75,0,0,0,0,0,0,1,0,0,0.21,0.33,0.01,0.01,46.09,True,,2026-09-02T18:37:09Z
4664,Badiashile,Napoli,NAP,D,dc,7,7,18,9,11,3 Titolare Low-Cost,,,0,0.0,0.0,0,0,0,0,0,0,0,0,0,0.21,0.33,0.01,0.01,46.09,True,,2026-09-02T18:37:09Z
7219,Bernasconi,Atalanta,ATA,D,ds;e,6,6,18,9,11,3 Titolare Low-Cost,,,1,5.5,5.5,0,0,0,0,0,0,0,0,0,0.21,0.33,0.01,0.01,46.09,True,,2026-09-02T18:37:09Z
7464,Oulai,Fiorentina,FIO,C,m;c,6,6,18,9,11,3 Titolare / Scommessa,,,2,5.5,5.5,0,0,0,0,0,0,0,0,0,0.45,0.51,0.01,0.01,41.66,True,,2026-09-02T18:37:09Z
6663,Circati,Parma,PAR,D,dc,6,6,18,9,11,3 Titolare Low-Cost,,BUONO,0,0.0,0.0,0,0,0,0,0,0,0,0,0,0.71,0.33,0.02,0.01,52.33,True,Giovane centrale titolare del Parma,2026-09-02T18:37:09Z
7620,Zeballos,Monza,MON,A,a,6,6,18,9,11,4 Quarto/Quinto Slot,,,0,0.0,0.0,0,0,0,0,0,0,0,0,0,0.82,0.3,0.02,0.01,40.07,True,,2026-09-02T18:37:09Z
6984,Ondrejka,Parma,PAR,C,w;a,5,5,18,9,11,3 Titolare / Scommessa,,,0,0.0,0.0,0,0,0,0,0,0,0,0,0,0.45,0.51,0.01,0.01,41.66,True,,2026-09-02T18:37:09Z
7535,Fitz-Jim,Torino,TOR,C,m;c,5,4,18,9,11,3 Titolare / Scommessa,,,2,6.0,6.0,0,0,0,0,0,0,0,0,0,0.45,0.51,0.01,0.01,43.45,True,,2026-09-02T18:37:09Z
2765,Odgaard,Bologna,BOL,C,t,8,8,17,8,10,3 Titolare / Scommessa,,,2,5.75,5.5,0,0,0,0,0,0,1,0,0,0.42,0.49,0.01,0.01,41.68,True,,2026-09-02T18:37:09Z
6042,Lucum&#xEC;,Juventus,JUV,D,dc,7,8,17,8,10,3 Titolare Low-Cost,,,1,5.5,5.0,0,0,0,0,0,0,1,0,0,0.2,0.31,0.01,0.01,46.1,True,,2026-09-02T18:37:09Z
5504,Coulibaly L.,Lecce,LEC,C,m;c,7,6,17,8,10,3 Titolare / Scommessa,,,2,6.0,6.5,0,0,0,0,0,1,0,0,0,0.42,1.29,0.01,0.04,44.36,True,,2026-09-02T18:37:09Z
4887,Bellanova,Atalanta,ATA,D,dd;e,6,6,17,8,10,3 Titolare Low-Cost,,BUONO,0,0.0,0.0,0,0,0,0,0,0,0,0,0,0.7,0.31,0.02,0.01,52.76,True,"Corsa, cross e assist continui",2026-09-02T18:37:09Z
5036,Caqueret,Como,COM,C,c;t,6,6,17,8,10,3 Titolare / Scommessa,,,1,6.0,6.0,0,0,0,0,0,0,0,0,0,0.42,0.49,0.01,0.01,43.59,True,,2026-09-02T18:37:09Z
5761,Zhegrova,Juventus,JUV,C,w,6,6,17,8,10,3 Titolare / Scommessa,,,1,6.0,6.0,0,0,0,0,0,0,0,0,0,0.42,0.49,0.01,0.01,43.59,True,,2026-09-02T18:37:09Z
6252,Folorunsho,Monza,MON,C,c;t,4,4,17,8,10,3 Titolare / Scommessa,,,1,6.0,6.0,0,0,0,0,0,0,0,0,0,0.42,0.49,0.01,0.01,43.59,True,,2026-09-02T18:37:09Z
4657,Celik,Juventus,JUV,D,b;dd;e,8,8,16,8,10,3 Titolare Low-Cost,,,2,6.0,5.75,0,0,0,0,0,0,1,0,0,0.19,0.29,0.01,0.01,48.95,True,,2026-09-02T18:37:09Z
6320,Doekhi,Lazio,LAZ,D,dc,8,7,16,8,10,3 Titolare Low-Cost,,,2,6.25,6.25,0,0,0,0,0,0,0,0,0,0.69,0.29,0.02,0.01,59.24,True,,2026-09-02T18:37:09Z
787,Djimsiti,Atalanta,ATA,D,dc,7,7,16,8,10,3 Titolare Low-Cost,,,0,0.0,0.0,0,0,0,0,0,0,0,0,0,0.19,0.29,0.01,0.01,46.04,True,,2026-09-02T18:37:09Z
4459,Rovella,Lazio,LAZ,C,m;c,7,6,16,8,10,3 Titolare / Scommessa,,,2,6.25,6.25,0,0,0,0,0,0,0,0,0,0.4,0.46,0.01,0.01,45.9,True,,2026-09-02T18:37:09Z
6783,Unai Gomez,Udinese,UDI,C,t,7,7,16,8,10,3 Titolare / Scommessa,,,1,5.5,5.5,0,0,0,0,0,0,1,0,0,0.4,0.46,0.01,0.01,41.59,True,,2026-09-02T18:37:09Z
6020,Ellertsson,Genoa,GEN,C,e;c,6,6,16,8,10,3 Titolare / Scommessa,,,2,5.5,5.5,0,0,0,0,0,0,0,0,0,0.4,0.46,0.01,0.01,41.59,True,,2026-09-02T18:37:09Z
4349,Nicolussi Caviglia,Parma,PAR,C,m;c,6,6,16,8,10,3 Titolare / Scommessa,,,0,0.0,0.0,0,0,0,0,0,0,0,0,0,0.4,0.46,0.01,0.01,41.59,True,,2026-09-02T18:37:09Z
6677,Adzic,Verona,VER,C,c;t,6,5,16,8,10,3 Titolare / Scommessa,,,2,6.0,6.5,0,0,0,0,0,1,0,0,0,0.4,1.26,0.01,0.04,44.27,True,,2026-09-02T18:37:09Z
7294,Valdepenas,Fiorentina,FIO,D,ds;dc,5,6,16,8,10,3 Titolare Low-Cost,,,1,5.0,5.0,0,0,0,0,0,0,0,0,0,0.19,0.29,0.01,0.01,46.04,True,,2026-09-02T18:37:09Z
4199,Loftus-Cheek,Milan,MIL,C,c;t,4,4,16,8,10,3 Titolare / Scommessa,,,2,6.0,5.75,0,0,0,0,0,0,1,0,0,0.4,0.46,0.01,0.01,43.51,True,,2026-09-02T18:37:09Z
5878,Colpani,Monza,MON,C,t,9,8,15,8,10,3 Titolare / Scommessa,,,2,5.75,7.25,1,0,0,0,0,0,0,0,0,1.12,0.43,0.03,0.01,43.63,True,,2026-09-02T18:37:09Z
7332,Bijlow,Genoa,GEN,P,por,8,8,15,8,10,4 Low-Cost / Riserva,,,2,5.5,4.0,0,3,0,0,0,0,0,0,0,0.0,0.0,0.0,0.0,73.38,True,,2026-09-02T18:37:09Z
6814,Norton-Cuffy,Genoa,GEN,D,dd;e,8,8,15,8,10,3 Titolare Low-Cost,,,2,5.75,5.75,0,0,0,0,0,0,0,0,0,0.18,0.27,0.01,0.01,45.98,True,,2026-09-02T18:37:09Z
7529,Koulierakis,Roma,ROM,D,dc,8,8,15,8,10,3 Titolare Low-Cost,,,1,6.0,6.0,0,0,0,0,0,0,0,0,0,0.18,0.27,0.01,0.01,48.89,True,,2026-09-02T18:37:09Z
5701,Obert,Cagliari,CAG,D,b;ds;e,7,7,15,8,10,3 Titolare Low-Cost,,,2,5.75,5.75,0,0,0,0,0,0,0,0,0,0.18,0.27,0.01,0.01,45.98,True,,2026-09-02T18:37:09Z
7469,Bracaglia,Empoli,EMP,D,ds;dc,7,5,15,8,10,3 Titolare Low-Cost,,,2,6.75,8.5,1,0,0,0,0,1,1,0,0,1.28,0.97,0.04,0.03,69.47,True,,2026-09-02T18:37:09Z
6669,Bonny,Inter,INT,A,pc,7,7,15,8,10,4 Quarto/Quinto Slot,Attaccante Parma,,1,6.0,6.0,0,0,0,0,0,0,0,0,0,0.68,0.25,0.02,0.01,41.13,True,,2026-09-02T18:37:09Z
5685,Koopmeiners,Juventus,JUV,C,c;t,7,5,15,8,10,3 Titolare / Scommessa,"Punizioni, Rigorista secondario Juventus",,1,7.0,10.0,1,0,0,0,0,0,0,0,0,2.62,1.63,0.08,0.05,60.59,True,,2026-09-02T18:37:09Z
4401,Gabbia,Milan,MIL,D,dc,7,7,15,8,10,3 Titolare Low-Cost,,,1,6.0,6.0,0,0,0,0,0,0,0,0,0,0.18,0.27,0.01,0.01,48.89,True,,2026-09-02T18:37:09Z
7485,Mangas,Monza,MON,D,ds;e,7,6,15,8,10,3 Titolare Low-Cost,"1° Rigorista Parma, Punizioni",,2,6.0,6.5,0,0,0,0,0,1,0,0,0,0.18,1.77,0.01,0.05,50.7,True,,2026-09-02T18:37:09Z
4236,Muric,Verona,VER,P,por,7,7,15,8,10,4 Low-Cost / Riserva,,,2,6.25,4.75,0,3,0,0,0,0,0,0,0,0.0,0.0,0.0,0.0,80.12,True,,2026-09-02T18:37:09Z
5946,Sow,Genoa,GEN,C,m;c,7,7,15,8,10,3 Titolare / Scommessa,,,2,5.75,5.75,0,0,0,0,0,0,0,0,0,0.38,0.43,0.01,0.01,41.5,True,,2026-09-02T18:37:09Z
7212,Heggem,Bologna,BOL,D,ds;dc,6,6,15,8,10,3 Titolare Low-Cost,,,2,5.5,5.25,0,0,0,0,0,0,1,0,0,0.18,0.27,0.01,0.01,45.98,True,,2026-09-02T18:37:09Z
4260,Winks,Cagliari,CAG,C,m;c,6,6,15,8,10,3 Titolare / Scommessa,,,2,5.5,5.5,0,0,0,0,0,0,0,0,0,0.38,0.43,0.01,0.01,41.5,True,,2026-09-02T18:37:09Z
2741,Pessina,Monza,MON,C,m;c,6,7,15,8,10,3 Titolare / Scommessa,,,0,0.0,0.0,0,0,0,0,0,0,0,0,0,0.38,0.43,0.01,0.01,41.5,True,,2026-09-02T18:37:09Z
2724,Buongiorno,Napoli,NAP,D,dc,6,7,15,8,10,3 Titolare Low-Cost,,SUPER,0,0.0,0.0,0,0,0,0,0,0,0,0,0,0.68,0.27,0.02,0.01,52.64,True,Pilastro difensivo con Conte,2026-09-02T18:37:09Z
2528,Matic,Verona,VER,C,m;c,6,5,15,8,10,3 Titolare / Scommessa,,,2,6.25,6.0,0,0,0,0,0,0,1,0,0,0.38,0.43,0.01,0.01,45.81,True,,2026-09-02T18:37:09Z
7198,Piotrowski,Udinese,UDI,C,m;c,6,5,15,8,10,3 Titolare / Scommessa,,,2,6.25,7.5,1,0,0,0,0,0,1,0,0,1.12,0.43,0.03,0.01,47.94,True,,2026-09-02T18:37:09Z
4147,Caleta-Car,Verona,VER,D,dc,6,6,15,8,10,3 Titolare Low-Cost,,,0,0.0,0.0,0,0,0,0,0,0,0,0,0,0.18,0.27,0.01,0.01,45.98,True,,2026-09-02T18:37:09Z
7621,Sugawara,Cagliari,CAG,D,dd;e,6,6,15,8,10,3 Titolare Low-Cost,,,0,0.0,0.0,0,0,0,0,0,0,0,0,0,0.18,0.27,0.01,0.01,45.98,True,,2026-09-02T18:37:09Z
6898,Keita M.,Parma,PAR,C,m;c,5,5,15,8,10,3 Titolare / Scommessa,,,2,5.5,5.5,0,0,0,0,0,0,0,0,0,0.38,0.43,0.01,0.01,41.5,True,,2026-09-02T18:37:09Z
6994,Perez K.,Venezia,VEN,C,c;t,5,5,15,8,10,3 Titolare / Scommessa,,,2,5.75,5.5,0,0,0,0,0,0,1,0,0,0.38,0.43,0.01,0.01,41.5,True,,2026-09-02T18:37:09Z
4911,Douglas Luiz,Juventus,JUV,C,c,4,4,15,8,10,3 Titolare / Scommessa,,,2,5.75,5.75,0,0,0,0,0,0,0,0,0,0.38,0.43,0.01,0.01,41.5,True,,2026-09-02T18:37:09Z
5295,Musah,Milan,MIL,C,c;w,3,2,15,8,10,3 Titolare / Scommessa,,,2,6.25,6.25,0,0,0,0,0,0,0,0,0,0.38,0.43,0.01,0.01,45.81,True,,2026-09-02T18:37:09Z
6642,Coco,Torino,TOR,D,dc,7,7,14,7,9,3 Titolare Low-Cost,,OTTIMO,2,5.75,5.75,0,0,0,0,0,0,0,0,0,0.66,0.25,0.02,0.01,53.12,True,Rendimento altissimo a Torino,2026-09-02T18:37:09Z
6660,Marcandalli,Genoa,GEN,D,dc,6,6,14,7,9,3 Titolare Low-Cost,,,2,5.75,5.75,0,0,0,0,0,0,0,0,0,0.16,0.25,0.0,0.01,45.95,True,,2026-09-02T18:37:09Z
4177,Pavard,Inter,INT,D,dd;dc,6,6,14,7,9,3 Titolare Low-Cost,,,1,6.0,6.0,0,0,0,0,0,0,0,0,0,0.16,0.25,0.0,0.01,49.08,True,,2026-09-02T18:37:09Z
4817,Pedraza,Lazio,LAZ,D,ds;e,6,5,14,7,9,3 Titolare Low-Cost,,,2,6.0,6.0,0,0,0,0,0,0,0,0,0,0.16,0.25,0.0,0.01,49.08,True,,2026-09-02T18:37:09Z
7036,Bakola,Verona,VER,C,c;t,6,5,14,7,9,4 Low-Cost a 1 cr,,,2,6.0,6.0,0,0,0,0,0,0,0,0,0,0.35,0.4,0.01,0.01,43.57,True,,2026-09-02T18:37:09Z
7146,Tour&#xE8; I.,Monza,MON,C,e;m,6,6,14,7,9,4 Low-Cost a 1 cr,,,0,0.0,0.0,0,0,0,0,0,0,0,0,0,0.35,0.4,0.01,0.01,41.5,True,,2026-09-02T18:37:09Z
5507,Busio,Venezia,VEN,C,m;c,5,5,14,7,9,4 Low-Cost a 1 cr,Punizioni Venezia,,2,5.75,5.75,0,0,0,0,0,0,0,0,0,0.35,1.6,0.01,0.05,42.74,True,,2026-09-02T18:37:09Z
6054,Moro N.,Bologna,BOL,C,m;c,4,4,14,7,9,4 Low-Cost a 1 cr,,,0,0.0,0.0,0,0,0,0,0,0,0,0,0,0.35,0.4,0.01,0.01,41.5,True,,2026-09-02T18:37:09Z
7268,Rodriguez Ju.,Cagliari,CAG,D,ds;dc,4,3,14,7,9,3 Titolare Low-Cost,,,2,6.25,6.25,0,0,0,0,0,0,0,0,0,0.66,0.25,0.02,0.01,60.16,True,,2026-09-02T18:37:09Z
7120,Lang,Napoli,NAP,A,a,4,3,14,7,9,5 Scommessa / Riserva,,,2,5.75,5.75,0,0,0,0,0,0,0,0,0,0.64,0.23,0.02,0.01,39.87,True,,2026-09-02T18:37:09Z
6986,Rensch,Roma,ROM,D,b;dd;e,4,5,14,7,9,3 Titolare Low-Cost,,,0,0.0,0.0,0,0,0,0,0,0,0,0,0,0.16,0.25,0.0,0.01,45.95,True,,2026-09-02T18:37:09Z
7602,Fatah,Lecce,LEC,A,w;a,4,4,14,7,9,5 Scommessa / Riserva,,,1,5.5,5.5,0,0,0,0,0,0,0,0,0,0.64,0.23,0.02,0.01,39.87,True,,2026-09-02T18:37:09Z
7238,Kouadio,Monza,MON,D,dd;dc,3,3,14,7,9,3 Titolare Low-Cost,,,2,5.75,5.5,0,0,0,0,0,0,1,0,0,0.16,0.25,0.0,0.01,45.95,True,,2026-09-02T18:37:09Z
7235,Troilo,Parma,PAR,D,dc,3,3,14,7,9,3 Titolare Low-Cost,,,2,5.5,5.25,0,0,0,0,0,0,1,0,0,0.16,0.25,0.0,0.01,45.95,True,,2026-09-02T18:37:09Z
6164,Vitinha O.,Genoa,GEN,A,a,8,8,13,6,8,5 Scommessa / Riserva,,,2,5.5,5.5,0,0,0,0,0,0,0,0,0,0.59,0.22,0.02,0.01,39.9,True,,2026-09-02T18:37:09Z
6495,Comuzzo,Torino,TOR,D,dc,8,6,13,6,8,3 Titolare Low-Cost,,,2,6.25,7.75,1,0,0,0,0,0,0,0,0,1.25,0.24,0.04,0.01,63.99,True,,2026-09-02T18:37:09Z
4870,Adopo,Cagliari,CAG,C,m;c,7,6,13,6,8,4 Low-Cost a 1 cr,,,2,6.0,6.5,0,0,0,0,0,1,0,0,0,0.33,1.17,0.01,0.03,44.71,True,,2026-09-02T18:37:09Z
5010,Ismajli,Torino,TOR,D,dc,7,7,13,6,8,3 Titolare Low-Cost,,OTTIMO,2,6.0,6.0,0,0,0,0,0,0,0,0,0,0.65,0.24,0.02,0.01,57.18,True,Pilastro insuperabile della difesa dell'Empoli,2026-09-02T18:37:09Z
7449,Rrahmani Al.,Venezia,VEN,A,pc,7,8,13,6,8,5 Scommessa / Riserva,"1° Rigorista Parma, Punizioni",,0,0.0,0.0,0,0,0,0,0,0,0,0,0,3.09,0.22,0.09,0.01,47.07,True,,2026-09-02T18:37:09Z
6916,Ahanor,Atalanta,ATA,D,b;ds;e,6,6,13,6,8,3 Titolare Low-Cost,,,0,0.0,0.0,0,0,0,0,0,0,0,0,0,0.15,0.24,0.0,0.01,45.98,True,,2026-09-02T18:37:09Z
5678,Holm,Bologna,BOL,D,dd;e,6,5,13,6,8,3 Titolare Low-Cost,,,2,6.25,6.25,0,0,0,0,0,0,0,0,0,0.65,0.24,0.02,0.01,61.44,True,,2026-09-02T18:37:09Z
7414,Kaiki,Como,COM,D,ds;e,6,7,13,6,8,3 Titolare Low-Cost,,,0,0.0,0.0,0,0,0,0,0,0,0,0,0,0.15,0.24,0.0,0.01,45.98,True,,2026-09-02T18:37:09Z
4952,Monterisi,Empoli,EMP,D,dc,6,6,13,6,8,3 Titolare Low-Cost,,,2,6.0,6.0,0,0,0,0,0,0,0,0,0,0.15,0.24,0.0,0.01,49.38,True,,2026-09-02T18:37:09Z
7329,Obrador,Verona,VER,D,ds;e,6,6,13,6,8,3 Titolare Low-Cost,,,1,6.0,6.0,0,0,0,0,0,0,0,0,0,0.15,0.24,0.0,0.01,49.38,True,,2026-09-02T18:37:09Z
7274,Z&#xE8; Pedro,Cagliari,CAG,D,dd;dc,5,5,13,6,8,3 Titolare Low-Cost,,,2,5.75,5.5,0,0,0,0,0,0,1,0,0,0.15,0.24,0.0,0.01,45.98,True,,2026-09-02T18:37:09Z
6893,Kempf,Como,COM,D,dc,5,5,13,6,8,3 Titolare Low-Cost,,,1,6.5,6.5,0,0,0,0,0,0,0,0,0,0.65,0.24,0.02,0.01,65.69,True,,2026-09-02T18:37:09Z
7467,Calvani,Empoli,EMP,D,dc,5,4,13,6,8,3 Titolare Low-Cost,,,2,6.5,6.0,0,0,0,0,0,0,2,0,0,0.65,0.24,0.02,0.01,65.69,True,,2026-09-02T18:37:09Z
6629,Dele-Bashiru,Lazio,LAZ,C,c;t,5,5,13,6,8,4 Low-Cost a 1 cr,,,1,5.5,5.5,0,0,0,0,0,0,0,0,0,0.33,0.37,0.01,0.01,41.54,True,,2026-09-02T18:37:09Z
7203,Jashari,Milan,MIL,C,m;c,5,4,13,6,8,4 Low-Cost a 1 cr,,,2,6.25,6.25,0,0,0,0,0,0,0,0,0,0.33,0.37,0.01,0.01,46.63,True,,2026-09-02T18:37:09Z
5840,Olivera,Napoli,NAP,D,b;ds;e,5,5,13,6,8,3 Titolare Low-Cost,,,1,5.0,5.0,0,0,0,0,0,0,0,0,0,0.15,0.24,0.0,0.01,45.98,True,,2026-09-02T18:37:09Z
7253,Bella-Kotchap,Venezia,VEN,D,dc,5,6,13,6,8,3 Titolare Low-Cost,,,2,5.0,5.0,0,0,0,0,0,0,0,0,0,0.15,0.24,0.0,0.01,45.98,True,,2026-09-02T18:37:09Z
6145,Ngonge,Monza,MON,A,a,5,5,13,6,8,5 Scommessa / Riserva,,,0,0.0,0.0,0,0,0,0,0,0,0,0,0,0.59,0.22,0.02,0.01,39.9,True,,2026-09-02T18:37:09Z
6506,Fini,Empoli,EMP,C,w,4,3,13,6,8,4 Low-Cost a 1 cr,,,2,6.0,6.0,0,0,0,0,0,0,0,0,0,0.33,0.37,0.01,0.01,43.8,True,,2026-09-02T18:37:09Z
7012,Provstgaard,Lazio,LAZ,D,dc,4,3,13,6,8,3 Titolare Low-Cost,,,2,6.0,5.75,0,0,0,0,0,0,1,0,0,0.15,0.24,0.0,0.01,49.38,True,,2026-09-02T18:37:09Z
6271,El Aynaoui,Roma,ROM,C,m;c,4,4,13,6,8,4 Low-Cost a 1 cr,,,0,0.0,0.0,0,0,0,0,0,0,0,0,0,0.33,0.37,0.01,0.01,41.54,True,,2026-09-02T18:37:09Z
5273,Estupinan,Milan,MIL,D,ds;e,3,3,13,6,8,3 Titolare Low-Cost,,,1,6.0,6.0,0,0,0,0,0,0,0,0,0,0.15,0.24,0.0,0.01,49.38,True,,2026-09-02T18:37:09Z
5555,Kamara H.,Udinese,UDI,D,ds;e,9,6,12,6,8,3 Titolare Low-Cost,,,2,7.0,10.0,2,0,0,0,0,0,0,0,0,1.84,0.22,0.05,0.01,79.24,True,,2026-09-02T18:37:09Z
5298,Pobega,Bologna,BOL,C,m;c,6,6,12,6,8,4 Low-Cost a 1 cr,,,1,6.0,6.0,0,0,0,0,0,0,0,0,0,0.3,0.34,0.01,0.01,43.67,True,,2026-09-02T18:37:09Z
7410,Viery,Fiorentina,FIO,D,ds;dc,6,6,12,6,8,3 Titolare Low-Cost,,,1,5.5,5.5,0,0,0,0,0,0,0,0,0,0.14,0.22,0.0,0.01,45.91,True,,2026-09-02T18:37:09Z
5998,Zerbin,Empoli,EMP,C,w,6,5,12,6,8,4 Low-Cost a 1 cr,,,2,6.25,6.25,0,0,0,0,0,0,0,0,0,0.3,0.34,0.01,0.01,46.5,True,,2026-09-02T18:37:09Z
6990,Veiga D.,Lecce,LEC,D,dd;e,6,5,12,6,8,3 Titolare Low-Cost,,,2,5.75,6.0,0,0,0,0,0,1,1,0,0,0.14,0.92,0.0,0.03,46.9,True,,2026-09-02T18:37:09Z
4502,Gallo,Lecce,LEC,D,ds;e,6,6,12,6,8,3 Titolare Low-Cost,,,1,5.5,5.5,0,0,0,0,0,0,0,0,0,0.14,0.22,0.0,0.01,45.91,True,,2026-09-02T18:37:09Z
6202,Beukema,Napoli,NAP,D,dc,6,6,12,6,8,3 Titolare Low-Cost,,OTTIMO,0,0.0,0.0,0,0,0,0,0,0,0,0,0,0.64,0.22,0.02,0.01,53.71,True,Regolarista assoluto da 6.5 fisso,2026-09-02T18:37:09Z
6218,Oristanio,Torino,TOR,C,w;t,6,7,12,6,8,4 Low-Cost a 1 cr,Punizioni Venezia,,0,0.0,0.0,0,0,0,0,0,0,0,0,0,0.3,1.54,0.01,0.05,42.76,True,,2026-09-02T18:37:09Z
608,Zapata D.,Torino,TOR,A,pc,6,7,12,6,8,5 Scommessa / Riserva,1° Rigorista / Capitano Torino,,0,0.0,0.0,0,0,0,0,0,0,0,0,0,3.05,0.2,0.09,0.01,46.93,True,,2026-09-02T18:37:09Z
7069,Fortini,Torino,TOR,D,e,6,5,12,6,8,3 Titolare Low-Cost,,,2,6.0,6.0,0,0,0,0,0,0,0,0,0,0.14,0.22,0.0,0.01,49.31,True,,2026-09-02T18:37:09Z
7564,Leysen F.,Verona,VER,D,ds;dc,6,5,12,6,8,3 Titolare Low-Cost,,,2,6.0,6.5,0,0,0,0,0,1,0,0,0,0.14,0.92,0.0,0.03,50.3,True,,2026-09-02T18:37:09Z
6415,Palmisani,Empoli,EMP,P,por,5,4,12,6,8,4 Low-Cost / Riserva,,,2,6.25,5.75,0,1,0,0,0,0,0,0,0,0.0,0.0,0.0,0.0,81.58,True,,2026-09-02T18:37:09Z
5301,Luis Henrique,Inter,INT,C,e;w,5,4,12,6,8,4 Low-Cost a 1 cr,,,2,6.0,6.0,0,0,0,0,0,0,0,0,0,0.3,0.34,0.01,0.01,43.67,True,,2026-09-02T18:37:09Z
6766,Kelly L.,Juventus,JUV,D,ds;dc,5,5,12,6,8,3 Titolare Low-Cost,,,2,5.75,5.75,0,0,0,0,0,0,0,0,0,0.14,0.22,0.0,0.01,45.91,True,,2026-09-02T18:37:09Z
6632,Gaspar K.,Lecce,LEC,D,dc,5,5,12,6,8,3 Titolare Low-Cost,,,2,5.5,5.25,0,0,0,0,0,0,1,0,0,0.14,0.22,0.0,0.01,45.91,True,,2026-09-02T18:37:09Z
6426,Pedersen,Torino,TOR,D,dd;e,5,5,12,6,8,3 Titolare Low-Cost,,,1,6.0,6.0,0,0,0,0,0,0,0,0,0,0.14,0.22,0.0,0.01,49.31,True,,2026-09-02T18:37:09Z
6170,Gineitis,Torino,TOR,C,m;c,5,5,12,6,8,4 Low-Cost a 1 cr,,,2,5.5,5.75,0,0,0,0,0,1,1,0,0,0.3,1.14,0.01,0.03,42.31,True,,2026-09-02T18:37:09Z
4845,Correia T.,Venezia,VEN,D,dd;ds;e,5,4,12,6,8,3 Titolare Low-Cost,,,2,6.25,6.25,0,0,0,0,0,0,0,0,0,0.64,0.22,0.02,0.01,61.37,True,,2026-09-02T18:37:09Z
5751,Patterson,Torino,TOR,D,dd;e,5,5,12,6,8,3 Titolare Low-Cost,,,0,0.0,0.0,0,0,0,0,0,0,0,0,0,0.14,0.22,0.0,0.01,45.91,True,,2026-09-02T18:37:09Z
5578,Kossounou,Atalanta,ATA,D,dd;dc,4,3,12,6,8,3 Titolare Low-Cost,,,2,5.75,5.75,0,0,0,0,0,0,0,0,0,0.14,0.22,0.0,0.01,45.91,True,,2026-09-02T18:37:09Z
6895,Dominguez B.,Verona,VER,C,w;a,4,3,12,6,8,4 Low-Cost a 1 cr,,,2,5.75,5.75,0,0,0,0,0,0,0,0,0,0.3,0.34,0.01,0.01,41.4,True,,2026-09-02T18:37:09Z
7374,Mendy P.,Cagliari,CAG,A,pc,4,4,12,6,8,5 Scommessa / Riserva,,,2,5.75,5.75,0,0,0,0,0,0,0,0,0,0.55,0.2,0.02,0.01,39.77,True,,2026-09-02T18:37:09Z
7473,Cichella,Empoli,EMP,C,m;c,4,4,12,6,8,4 Low-Cost a 1 cr,,,1,5.5,5.5,0,0,0,0,0,0,0,0,0,0.3,0.34,0.01,0.01,41.4,True,,2026-09-02T18:37:09Z
333,Cataldi,Lazio,LAZ,C,m;c,4,4,12,6,8,4 Low-Cost a 1 cr,,,0,0.0,0.0,0,0,0,0,0,0,0,0,0,0.3,0.34,0.01,0.01,41.4,True,,2026-09-02T18:37:09Z
7240,Siebert,Lecce,LEC,D,dc,4,4,12,6,8,3 Titolare Low-Cost,,,2,5.5,5.5,0,0,0,0,0,0,0,0,0,0.14,0.22,0.0,0.01,45.91,True,,2026-09-02T18:37:09Z
7322,Ngom,Lecce,LEC,C,m;c,4,4,12,6,8,4 Low-Cost a 1 cr,,,2,5.5,5.25,0,0,0,0,0,0,1,0,0,0.3,0.34,0.01,0.01,41.4,True,,2026-09-02T18:37:09Z
6015,Berisha M.,Lecce,LEC,C,c;t,4,5,12,6,8,4 Low-Cost a 1 cr,,,0,0.0,0.0,0,0,0,0,0,0,0,0,0,0.3,0.34,0.01,0.01,41.4,True,,2026-09-02T18:37:09Z
7001,N&#x27;Dri,Lecce,LEC,A,w;a,4,3,12,6,8,5 Scommessa / Riserva,,,2,5.75,5.75,0,0,0,0,0,0,0,0,0,0.55,0.2,0.02,0.01,39.77,True,,2026-09-02T18:37:09Z
5453,Ricci S.,Como,COM,C,m;c,4,4,12,6,8,4 Low-Cost a 1 cr,,,0,0.0,0.0,0,0,0,0,0,0,0,0,0,0.3,0.34,0.01,0.01,41.4,True,,2026-09-02T18:37:09Z
5838,Birindelli,Monza,MON,D,dd;ds;e,4,4,12,6,8,3 Titolare Low-Cost,,,2,5.75,5.75,0,0,0,0,0,0,0,0,0,0.14,0.22,0.0,0.01,45.91,True,,2026-09-02T18:37:09Z
6215,Lucca,Napoli,NAP,A,pc,4,3,12,6,8,5 Scommessa / Riserva,1° Rigorista Udinese,,1,6.5,6.5,0,0,0,0,0,0,0,0,0,3.05,0.2,0.09,0.01,52.29,True,,2026-09-02T18:37:09Z
7526,Comert,Torino,TOR,D,dc,4,4,12,6,8,3 Titolare Low-Cost,,,1,6.0,6.0,0,0,0,0,0,0,0,0,0,0.14,0.22,0.0,0.01,49.31,True,,2026-09-02T18:37:09Z
4263,Kabasele,Udinese,UDI,D,dc,4,4,12,6,8,3 Titolare Low-Cost,,,0,0.0,0.0,0,0,0,0,0,0,0,0,0,0.14,0.22,0.0,0.01,45.91,True,,2026-09-02T18:37:09Z
7208,Miller L.,Udinese,UDI,C,m;c,4,3,12,6,8,4 Low-Cost a 1 cr,,,2,6.0,6.0,0,0,0,0,0,0,0,0,0,0.3,0.34,0.01,0.01,43.67,True,,2026-09-02T18:37:09Z
6821,Hainaut,Venezia,VEN,D,dd;e,4,3,12,6,8,3 Titolare Low-Cost,,,2,5.75,5.75,0,0,0,0,0,0,0,0,0,0.14,0.22,0.0,0.01,45.91,True,,2026-09-02T18:37:09Z
7579,Massolin,Cagliari,CAG,C,c;t,4,4,12,6,8,4 Low-Cost a 1 cr,,,0,0.0,0.0,0,0,0,0,0,0,0,0,0,0.3,0.34,0.01,0.01,41.4,True,,2026-09-02T18:37:09Z
7326,Helland,Bologna,BOL,D,dd;dc,3,2,12,6,8,3 Titolare Low-Cost,,,2,6.0,6.0,0,0,0,0,0,0,0,0,0,0.14,0.22,0.0,0.01,49.31,True,,2026-09-02T18:37:09Z
7175,Joao Mario,Fiorentina,FIO,D,dd;e,3,3,12,6,8,3 Titolare Low-Cost,,,1,5.0,5.0,0,0,0,0,0,0,0,0,0,0.14,0.22,0.0,0.01,45.91,True,,2026-09-02T18:37:09Z
7248,Gorter,Lecce,LEC,C,m;c,3,1,12,6,8,4 Low-Cost a 1 cr,,,2,6.0,7.5,1,0,0,0,0,0,0,0,0,1.05,0.34,0.03,0.01,46.21,True,,2026-09-02T18:37:09Z
7209,Sorensen O.,Parma,PAR,C,c,3,3,12,6,8,4 Low-Cost a 1 cr,,,0,0.0,0.0,0,0,0,0,0,0,0,0,0,0.3,0.34,0.01,0.01,41.4,True,,2026-09-02T18:37:09Z
7536,Diallo O.,Parma,PAR,C,w;a,3,3,12,6,8,4 Low-Cost a 1 cr,,,1,6.0,6.0,0,0,0,0,0,0,0,0,0,0.3,0.34,0.01,0.01,43.67,True,,2026-09-02T18:37:09Z
4772,Angelino,Roma,ROM,D,e,3,3,12,6,8,3 Titolare Low-Cost,,,0,0.0,0.0,0,0,0,0,0,0,0,0,0,0.14,0.22,0.0,0.01,45.91,True,,2026-09-02T18:37:09Z
6815,Fadera,Cagliari,CAG,C,w,2,2,12,6,8,4 Low-Cost a 1 cr,,,1,6.0,6.0,0,0,0,0,0,0,0,0,0,0.3,0.34,0.01,0.01,43.67,True,,2026-09-02T18:37:09Z
7575,Mout,Monza,MON,C,c,1,1,12,6,8,4 Low-Cost a 1 cr,,,1,5.0,5.0,0,0,0,0,0,0,0,0,0,0.3,0.34,0.01,0.01,41.4,True,,2026-09-02T18:37:09Z
6046,Hien,Atalanta,ATA,D,dc,7,8,11,6,8,3 Titolare Low-Cost,,,0,0.0,0.0,0,0,0,0,0,0,0,0,0,0.13,0.2,0.0,0.01,45.84,True,,2026-09-02T18:37:09Z
6593,Akinsanmiro,Monza,MON,C,c,7,6,11,6,8,4 Low-Cost a 1 cr,,,1,6.5,7.5,0,0,0,0,0,1,0,0,0,0.28,1.11,0.01,0.03,50.13,True,,2026-09-02T18:37:09Z
7252,Stulic,Lecce,LEC,A,pc,6,7,11,6,8,5 Scommessa / Riserva,,,2,5.25,5.25,0,0,0,0,0,0,0,0,0,0.5,0.2,0.01,0.01,39.62,True,,2026-09-02T18:37:09Z
6248,Stankovic F.,Venezia,VEN,P,por,6,6,11,6,8,4 Low-Cost / Riserva,,,2,6.0,4.0,0,4,0,0,0,0,0,0,0,0.0,0.0,0.0,0.0,77.83,True,,2026-09-02T18:37:09Z
4705,Balerdi,Roma,ROM,D,dc,6,6,11,6,8,3 Titolare Low-Cost,,,0,0.0,0.0,0,0,0,0,0,0,0,0,0,0.13,0.2,0.0,0.01,45.84,True,,2026-09-02T18:37:09Z
7409,Meichtry,Genoa,GEN,C,w;t,5,5,11,6,8,4 Low-Cost a 1 cr,,,2,5.5,5.5,0,0,0,0,0,0,0,0,0,0.28,0.31,0.01,0.01,41.3,True,,2026-09-02T18:37:09Z
5319,Sohm,Venezia,VEN,C,c,5,5,11,6,8,4 Low-Cost a 1 cr,,,1,6.0,6.0,0,0,0,0,0,0,0,0,0,0.28,0.31,0.01,0.01,43.57,True,,2026-09-02T18:37:09Z
7610,Birligea,Empoli,EMP,A,pc,5,5,11,6,8,5 Scommessa / Riserva,,,0,0.0,0.0,0,0,0,0,0,0,0,0,0,0.5,0.2,0.01,0.01,39.62,True,,2026-09-02T18:37:09Z
7474,Koutsoupias,Empoli,EMP,C,c,4,4,11,6,8,4 Low-Cost a 1 cr,,,0,0.0,0.0,0,0,0,0,0,0,0,0,0,0.28,0.31,0.01,0.01,41.3,True,,2026-09-02T18:37:09Z
7341,Amorim,Genoa,GEN,C,m;c,4,4,11,6,8,4 Low-Cost a 1 cr,,,1,6.5,6.5,0,0,0,0,0,0,1,0,0,0.28,0.31,0.01,0.01,49.23,True,,2026-09-02T18:37:09Z
2857,Traor&#xE8; Hj.,Genoa,GEN,C,w;t,4,5,11,6,8,4 Low-Cost a 1 cr,,,0,0.0,0.0,0,0,0,0,0,0,0,0,0,0.28,0.31,0.01,0.01,41.3,True,,2026-09-02T18:37:09Z
2115,Delli Carri,Monza,MON,D,dc,4,4,11,6,8,3 Titolare Low-Cost,,,1,6.0,6.0,0,0,0,0,0,0,0,0,0,0.13,0.2,0.0,0.01,49.24,True,,2026-09-02T18:37:09Z
6207,Almqvist,Parma,PAR,C,w;a,4,4,11,6,8,4 Low-Cost a 1 cr,,,1,6.0,6.0,0,0,0,0,0,0,0,0,0,0.28,0.31,0.01,0.01,43.57,True,,2026-09-02T18:37:09Z
7563,Favasuli,Napoli,NAP,D,dd;ds;e,4,4,11,6,8,3 Titolare Low-Cost,,,0,0.0,0.0,0,0,0,0,0,0,0,0,0,0.13,0.2,0.0,0.01,45.84,True,,2026-09-02T18:37:09Z
4947,Brescianini,Fiorentina,FIO,C,c;t,3,3,11,6,8,4 Low-Cost a 1 cr,,,2,5.5,5.5,0,0,0,0,0,0,0,0,0,0.28,0.31,0.01,0.01,41.3,True,,2026-09-02T18:37:09Z
6659,Lucchesi,Monza,MON,D,dc,3,4,11,6,8,3 Titolare Low-Cost,,,2,5.25,4.75,0,0,0,0,0,0,2,0,0,0.13,0.2,0.0,0.01,45.84,True,,2026-09-02T18:37:09Z
7342,Elphege,Parma,PAR,A,pc,3,3,11,6,8,5 Scommessa / Riserva,,,1,5.5,5.5,0,0,0,0,0,0,0,0,0,0.5,0.2,0.01,0.01,39.62,True,,2026-09-02T18:37:09Z
6925,Palma,Udinese,UDI,D,dc,3,2,11,6,8,3 Titolare Low-Cost,,,1,6.5,6.5,0,0,0,0,0,0,0,0,0,0.63,0.2,0.02,0.01,65.55,True,,2026-09-02T18:37:09Z
7561,Lontani,Parma,PAR,A,a,3,1,11,6,8,5 Scommessa / Riserva,,,2,6.25,6.25,0,0,0,0,0,0,0,0,0,0.5,0.2,0.01,0.01,43.06,True,,2026-09-02T18:37:09Z
6896,Van Der Brempt,Verona,VER,D,dd;e,2,2,11,6,8,3 Titolare Low-Cost,,,0,0.0,0.0,0,0,0,0,0,0,0,0,0,0.13,0.2,0.0,0.01,45.84,True,,2026-09-02T18:37:09Z
5876,Di Gregorio,Juventus,JUV,P,por,9,9,10,5,6,4 Low-Cost / Riserva,,,0,0.0,0.0,0,0,0,0,0,0,0,0,0,0.0,0.0,0.0,0.0,76.0,True,,2026-09-02T18:37:09Z
6643,Dallinga,Bologna,BOL,A,pc,8,8,10,5,6,5 Scommessa / Riserva,,,0,0.0,0.0,0,0,0,0,0,0,0,0,0,0.45,0.2,0.01,0.01,39.65,True,,2026-09-02T18:37:09Z
6238,Oyono A.,Empoli,EMP,D,dd;e,6,5,10,5,6,3 Titolare Low-Cost,,,2,6.25,6.25,0,0,0,0,0,0,0,0,0,0.62,0.18,0.02,0.01,62.94,True,,2026-09-02T18:37:09Z
7008,Gimenez,Milan,MIL,A,pc,6,6,10,5,6,5 Scommessa / Riserva,,,0,0.0,0.0,0,0,0,0,0,0,0,0,0,0.45,0.2,0.01,0.01,39.65,True,,2026-09-02T18:37:09Z
7528,Amondarain,Bologna,BOL,C,m;c,5,5,10,5,6,4 Low-Cost a 1 cr,,,1,5.5,5.5,0,0,0,0,0,0,0,0,0,0.25,0.29,0.01,0.01,41.31,True,,2026-09-02T18:37:09Z
6631,Ghilardi,Roma,ROM,D,dc,5,4,10,5,6,3 Titolare Low-Cost,,,1,7.0,7.0,0,0,0,0,0,0,0,0,0,0.62,0.18,0.02,0.01,77.05,True,,2026-09-02T18:37:09Z
5851,Doig,Verona,VER,D,ds;e,5,4,10,5,6,3 Titolare Low-Cost,,,2,6.0,6.0,0,0,0,0,0,0,0,0,0,0.12,0.18,0.0,0.01,49.61,True,,2026-09-02T18:37:09Z
5695,Haps,Venezia,VEN,D,ds;e,5,5,10,5,6,3 Titolare Low-Cost,,,2,6.0,5.75,0,0,0,0,0,0,1,0,0,0.12,0.18,0.0,0.01,49.61,True,,2026-09-02T18:37:09Z
22,De Roon,Roma,ROM,C,m;c,4,4,10,5,6,4 Low-Cost a 1 cr,,,0,0.0,0.0,0,0,0,0,0,0,0,0,0,0.25,0.29,0.01,0.01,41.31,True,,2026-09-02T18:37:09Z
7068,Vitik,Bologna,BOL,D,dc,4,5,10,5,6,3 Titolare Low-Cost,,,0,0.0,0.0,0,0,0,0,0,0,0,0,0,0.12,0.18,0.0,0.01,45.85,True,,2026-09-02T18:37:09Z
7014,Smolcic I.,Como,COM,D,dd;e,4,4,10,5,6,3 Titolare Low-Cost,,,1,5.5,5.5,0,0,0,0,0,0,0,0,0,0.12,0.18,0.0,0.01,45.85,True,,2026-09-02T18:37:09Z
7127,Addai,Como,COM,C,w;a,4,5,10,5,6,4 Low-Cost a 1 cr,,,0,0.0,0.0,0,0,0,0,0,0,0,0,0,0.25,0.29,0.01,0.01,41.31,True,,2026-09-02T18:37:09Z
5449,Parisi,Fiorentina,FIO,D,ds;e,4,5,10,5,6,3 Titolare Low-Cost,,,0,0.0,0.0,0,0,0,0,0,0,0,0,0,0.12,0.18,0.0,0.01,45.85,True,,2026-09-02T18:37:09Z
7537,Mitaj,Genoa,GEN,D,ds;e,4,4,10,5,6,3 Titolare Low-Cost,,,0,0.0,0.0,0,0,0,0,0,0,0,0,0,0.12,0.18,0.0,0.01,45.85,True,,2026-09-02T18:37:09Z
5831,Gatti,Juventus,JUV,D,dc,4,4,10,5,6,3 Titolare Low-Cost,,BUONO,0,0.0,0.0,0,0,0,0,0,0,0,0,0,0.62,0.18,0.02,0.01,54.47,True,Pericoloso sui corner (3-4 gol attesi),2026-09-02T18:37:09Z
7131,Floriani Mussolini,Lazio,LAZ,D,dd;e,4,3,10,5,6,3 Titolare Low-Cost,,,2,6.25,6.0,0,0,0,0,0,0,1,0,0,0.62,0.18,0.02,0.01,62.94,True,,2026-09-02T18:37:09Z
7318,Gandelman,Lecce,LEC,C,c;t,4,5,10,5,6,4 Low-Cost a 1 cr,"1° Rigorista Parma, Punizioni",,0,0.0,0.0,0,0,0,0,0,0,0,0,0,1.75,1.49,0.05,0.04,48.48,True,,2026-09-02T18:37:09Z
4686,Fofana Y.,Milan,MIL,C,m;c,4,5,10,5,6,4 Low-Cost a 1 cr,,,0,0.0,0.0,0,0,0,0,0,0,0,0,0,0.25,0.29,0.01,0.01,41.31,True,,2026-09-02T18:37:09Z
5307,Valenti,Parma,PAR,D,dc,4,4,10,5,6,3 Titolare Low-Cost,,,0,0.0,0.0,0,0,0,0,0,0,0,0,0,0.12,0.18,0.0,0.01,45.85,True,,2026-09-02T18:37:09Z
4374,Walukiewicz,Verona,VER,D,dd;dc,4,4,10,5,6,3 Titolare Low-Cost,,,0,0.0,0.0,0,0,0,0,0,0,0,0,0,0.12,0.18,0.0,0.01,45.85,True,,2026-09-02T18:37:09Z
5820,Bertola,Udinese,UDI,D,dd;ds;dc,4,4,10,5,6,3 Titolare Low-Cost,,,1,6.0,6.0,0,0,0,0,0,0,0,0,0,0.12,0.18,0.0,0.01,49.61,True,,2026-09-02T18:37:09Z
5527,Zanoli,Udinese,UDI,D,dd;e,4,4,10,5,6,3 Titolare Low-Cost,,,0,0.0,0.0,0,0,0,0,0,0,0,0,0,0.12,0.18,0.0,0.01,45.85,True,,2026-09-02T18:37:09Z
7550,Grillitsch,Empoli,EMP,C,m;c,4,5,10,5,6,4 Low-Cost a 1 cr,,,0,0.0,0.0,0,0,0,0,0,0,0,0,0,0.25,0.29,0.01,0.01,41.31,True,,2026-09-02T18:37:09Z
2012,Milik,Juventus,JUV,A,pc,4,5,10,5,6,5 Scommessa / Riserva,,,0,0.0,0.0,0,0,0,0,0,0,0,0,0,0.45,0.2,0.01,0.01,39.65,True,,2026-09-02T18:37:09Z
256,Juan Jesus,Venezia,VEN,D,ds;dc,4,4,10,5,6,3 Titolare Low-Cost,,,0,0.0,0.0,0,0,0,0,0,0,0,0,0,0.12,0.18,0.0,0.01,45.85,True,,2026-09-02T18:37:09Z
5336,Nzola,Cagliari,CAG,A,pc,4,4,10,5,6,5 Scommessa / Riserva,,,0,0.0,0.0,0,0,0,0,0,0,0,0,0,0.45,0.2,0.01,0.01,39.65,True,,2026-09-02T18:37:09Z
4378,Ranieri L.,Fiorentina,FIO,D,ds;dc,3,3,10,5,6,3 Titolare Low-Cost,,,1,5.0,5.0,0,0,0,0,0,0,0,0,0,0.12,0.18,0.0,0.01,45.85,True,,2026-09-02T18:37:09Z
6822,Ekhator,Juventus,JUV,A,a,3,3,10,5,6,5 Scommessa / Riserva,,,0,0.0,0.0,0,0,0,0,0,0,0,0,0,0.45,0.2,0.01,0.01,39.65,True,,2026-09-02T18:37:09Z
5131,Gilmour,Napoli,NAP,C,m;c,3,3,10,5,6,4 Low-Cost a 1 cr,,,0,0.0,0.0,0,0,0,0,0,0,0,0,0,0.25,0.29,0.01,0.01,41.31,True,,2026-09-02T18:37:09Z
7255,Britschgi,Parma,PAR,D,dd;ds;e,3,3,10,5,6,3 Titolare Low-Cost,,,1,6.0,6.0,0,0,0,0,0,0,0,0,0,0.12,0.18,0.0,0.01,49.61,True,,2026-09-02T18:37:09Z
7138,Ordonez C.,Parma,PAR,C,m;c,3,2,10,5,6,4 Low-Cost a 1 cr,,,2,6.0,6.0,0,0,0,0,0,0,0,0,0,0.25,0.29,0.01,0.01,43.82,True,,2026-09-02T18:37:09Z
7538,Halhal,Venezia,VEN,D,dc,3,4,10,5,6,3 Titolare Low-Cost,,,1,5.0,3.0,0,0,0,0,0,0,0,0,0,0.12,0.18,0.0,0.01,45.85,True,,2026-09-02T18:37:09Z
6892,Schingtienne,Venezia,VEN,D,dc,3,3,10,5,6,3 Titolare Low-Cost,,,2,5.5,5.25,0,0,0,0,0,0,1,0,0,0.12,0.18,0.0,0.01,45.85,True,,2026-09-02T18:37:09Z
5742,Drameh,Genoa,GEN,D,dd;ds;e,3,3,10,5,6,3 Titolare Low-Cost,,,0,0.0,0.0,0,0,0,0,0,0,0,0,0,0.12,0.18,0.0,0.01,45.85,True,,2026-09-02T18:37:09Z
6225,El Azzouzi O.,Bologna,BOL,C,m;c,2,2,10,5,6,4 Low-Cost a 1 cr,,,1,5.0,4.5,0,0,0,0,0,0,1,0,0,0.25,0.29,0.01,0.01,41.31,True,,2026-09-02T18:37:09Z
6662,Corvi,Parma,PAR,P,por,2,1,10,5,6,4 Low-Cost / Riserva,,,2,5.75,4.25,0,3,0,0,0,0,0,0,0,0.0,0.0,0.0,0.0,76.0,True,,2026-09-02T18:37:09Z
6021,Abankwah,Udinese,UDI,D,dd;dc,2,1,10,5,6,3 Titolare Low-Cost,,,2,6.25,6.0,0,0,0,0,0,0,1,0,0,0.62,0.18,0.02,0.01,62.94,True,,2026-09-02T18:37:09Z
7599,Lulli,Roma,ROM,D,e,2,1,10,5,6,3 Titolare Low-Cost,,,2,6.5,6.5,0,0,0,0,0,0,0,0,0,0.62,0.18,0.02,0.01,67.64,True,,2026-09-02T18:37:09Z
7301,Tornqvist,Monza,MON,P,por,1,1,10,5,6,4 Low-Cost / Riserva,,,0,0.0,0.0,0,0,0,0,0,0,0,0,0,0.0,0.0,0.0,0.0,76.0,True,,2026-09-02T18:37:09Z
5481,Mazzocchi,Venezia,VEN,D,dd;ds;e,1,1,10,5,6,3 Titolare Low-Cost,,,0,0.0,0.0,0,0,0,0,0,0,0,0,0,0.12,0.18,0.0,0.01,45.85,True,,2026-09-02T18:37:09Z
5007,Ilic,Lecce,LEC,C,m;c,1,1,10,5,6,4 Low-Cost a 1 cr,,,1,5.5,5.0,0,0,0,0,0,0,1,0,0,0.25,0.29,0.01,0.01,41.31,True,,2026-09-02T18:37:09Z
6243,Borrelli,Cagliari,CAG,A,pc,4,4,9,4,5,5 Scommessa / Riserva,,,1,6.0,6.0,0,0,0,0,0,0,0,0,0,0.41,0.2,0.01,0.01,41.69,True,,2026-09-02T18:37:09Z
2529,Mkhitaryan,Inter,INT,C,c,4,5,9,4,5,4 Low-Cost a 1 cr,,,0,0.0,0.0,0,0,0,0,0,0,0,0,0,0.23,0.26,0.01,0.01,41.36,True,,2026-09-02T18:37:09Z
7349,Kulenovic,Torino,TOR,A,pc,4,4,9,4,5,5 Scommessa / Riserva,,,1,5.5,5.5,0,0,0,0,0,0,0,0,0,0.41,0.2,0.01,0.01,39.74,True,,2026-09-02T18:37:09Z
4925,Carboni A.,Monza,MON,D,ds;dc,3,3,9,4,5,4 Riserva a 1 cr,,,2,5.5,5.5,0,0,0,0,0,0,0,0,0,0.11,0.16,0.0,0.0,45.87,True,,2026-09-02T18:37:09Z
2640,Kolasinac,Atalanta,ATA,D,ds;dc,6,5,8,4,5,4 Riserva a 1 cr,,OTTIMO,2,6.0,6.0,0,0,0,0,0,0,0,0,0,0.59,0.15,0.02,0.0,59.75,True,Roccia difensiva di Gasperini,2026-09-02T18:37:09Z
5918,Sulemana K.,Atalanta,ATA,A,a,6,6,8,4,5,5 Scommessa / Riserva,"1° Rigorista Parma, Punizioni",,0,0.0,0.0,0,0,0,0,0,0,0,0,0,2.86,0.2,0.08,0.01,48.7,True,,2026-09-02T18:37:09Z
6556,Noslin,Lazio,LAZ,A,a,6,6,8,4,5,5 Scommessa / Riserva,,,0,0.0,0.0,0,0,0,0,0,0,0,0,0,0.4,0.2,0.01,0.01,39.71,True,,2026-09-02T18:37:09Z
4751,Tomori,Milan,MIL,D,dc,6,7,8,4,5,4 Riserva a 1 cr,,,0,0.0,0.0,0,0,0,0,0,0,0,0,0,0.09,0.15,0.0,0.0,45.74,True,,2026-09-02T18:37:09Z
7532,Kofler,Cagliari,CAG,D,dc,5,5,8,4,5,4 Riserva a 1 cr,,,1,6.0,6.0,0,0,0,0,0,0,0,0,0,0.09,0.15,0.0,0.0,50.0,True,,2026-09-02T18:37:09Z
5603,Pongracic,Fiorentina,FIO,D,dc,4,4,8,4,5,4 Riserva a 1 cr,,,1,5.0,5.0,0,0,0,0,0,0,0,0,0,0.09,0.15,0.0,0.0,45.74,True,,2026-09-02T18:37:09Z
6206,Fabbian,Parma,PAR,C,c;t,4,4,8,4,5,4 Low-Cost a 1 cr,,,0,0.0,0.0,0,0,0,0,0,0,0,0,0,0.2,0.23,0.01,0.01,41.19,True,,2026-09-02T18:37:09Z
5757,Cittadini,Empoli,EMP,D,dc,4,3,8,4,5,4 Riserva a 1 cr,,,2,5.75,5.75,0,0,0,0,0,0,0,0,0,0.09,0.15,0.0,0.0,45.74,True,,2026-09-02T18:37:09Z
2593,Martin,Genoa,GEN,D,ds;e,4,5,8,4,5,4 Riserva a 1 cr,,,0,0.0,0.0,0,0,0,0,0,0,0,0,0,0.09,0.15,0.0,0.0,45.74,True,,2026-09-02T18:37:09Z
4970,Messias,Genoa,GEN,C,w;t,4,3,8,4,5,4 Low-Cost a 1 cr,,,2,6.0,6.0,0,0,0,0,0,0,0,0,0,0.2,0.23,0.01,0.01,44.05,True,,2026-09-02T18:37:09Z
5882,Mota,Monza,MON,A,a,4,5,8,4,5,5 Scommessa / Riserva,,,0,0.0,0.0,0,0,0,0,0,0,0,0,0,0.4,0.2,0.01,0.01,39.71,True,,2026-09-02T18:37:09Z
6005,Ilkhan,Torino,TOR,C,m;c,4,4,8,4,5,4 Low-Cost a 1 cr,,,1,5.5,5.5,0,0,0,0,0,0,0,0,0,0.2,0.23,0.01,0.01,41.19,True,,2026-09-02T18:37:09Z
7312,Arizala,Udinese,UDI,D,ds;e,4,4,8,4,5,4 Riserva a 1 cr,,,0,0.0,0.0,0,0,0,0,0,0,0,0,0,0.09,0.15,0.0,0.0,45.74,True,,2026-09-02T18:37:09Z
4387,Adorante,Venezia,VEN,A,pc,4,5,8,4,5,5 Scommessa / Riserva,,,0,0.0,0.0,0,0,0,0,0,0,0,0,0,0.4,0.2,0.01,0.01,39.71,True,,2026-09-02T18:37:09Z
4375,Terzic,Empoli,EMP,D,ds;e,4,4,8,4,5,4 Riserva a 1 cr,,,2,5.75,5.75,0,0,0,0,0,0,0,0,0,0.09,0.15,0.0,0.0,45.74,True,,2026-09-02T18:37:09Z
1871,Deiola,Cagliari,CAG,C,m;c,3,3,8,4,5,4 Low-Cost a 1 cr,,,2,5.75,5.5,0,0,0,0,0,0,1,0,0,0.2,0.23,0.01,0.01,41.19,True,,2026-09-02T18:37:09Z
6917,Masini,Empoli,EMP,C,m;c,3,2,8,4,5,4 Low-Cost a 1 cr,,,2,6.25,6.25,0,0,0,0,0,0,0,0,0,0.2,0.23,0.01,0.01,47.63,True,,2026-09-02T18:37:09Z
7211,Athekame,Milan,MIL,D,dd;e,3,3,8,4,5,4 Riserva a 1 cr,,,0,0.0,0.0,0,0,0,0,0,0,0,0,0,0.09,0.15,0.0,0.0,45.74,True,,2026-09-02T18:37:09Z
7154,Odenthal,Verona,VER,D,dc,3,1,8,4,5,4 Riserva a 1 cr,,,1,7.0,10.0,1,0,0,0,0,0,0,0,0,1.19,0.15,0.03,0.0,84.21,True,,2026-09-02T18:37:09Z
7605,Tchato,Empoli,EMP,D,dd;e,3,3,8,4,5,4 Riserva a 1 cr,,,0,0.0,0.0,0,0,0,0,0,0,0,0,0,0.09,0.15,0.0,0.0,45.74,True,,2026-09-02T18:37:09Z
6601,Kambwala,Como,COM,D,dd;dc,3,3,8,4,5,4 Riserva a 1 cr,,,0,0.0,0.0,0,0,0,0,0,0,0,0,0,0.09,0.15,0.0,0.0,45.74,True,,2026-09-02T18:37:09Z
801,Gagliardini,Cagliari,CAG,C,m;c,3,3,8,4,5,4 Low-Cost a 1 cr,,,0,0.0,0.0,0,0,0,0,0,0,0,0,0,0.2,0.23,0.01,0.01,41.19,True,,2026-09-02T18:37:09Z
7232,Fernandez T.,Venezia,VEN,C,t;a,3,3,8,4,5,4 Low-Cost a 1 cr,,,0,0.0,0.0,0,0,0,0,0,0,0,0,0,0.2,0.23,0.01,0.01,41.19,True,,2026-09-02T18:37:09Z
6638,Marin R.,Napoli,NAP,D,dc,2,2,8,4,5,4 Riserva a 1 cr,,,2,5.25,5.25,0,0,0,0,0,0,0,0,0,0.09,0.15,0.0,0.0,45.74,True,,2026-09-02T18:37:09Z
7202,Ndiaye,Parma,PAR,D,dc,2,1,8,4,5,4 Riserva a 1 cr,,,1,6.0,6.0,0,0,0,0,0,0,0,0,0,0.09,0.15,0.0,0.0,50.0,True,,2026-09-02T18:37:09Z
7407,Cuenca A.,Como,COM,D,ds;dc,1,1,8,4,5,4 Riserva a 1 cr,,,0,0.0,0.0,0,0,0,0,0,0,0,0,0,0.09,0.15,0.0,0.0,45.74,True,,2026-09-02T18:37:09Z
7260,Ziolkowski,Monza,MON,D,dc,1,1,8,4,5,4 Riserva a 1 cr,,,0,0.0,0.0,0,0,0,0,0,0,0,0,0,0.09,0.15,0.0,0.0,45.74,True,,2026-09-02T18:37:09Z
6598,Mutandwa,Cagliari,CAG,A,pc,6,6,7,4,5,5 Scommessa / Riserva,,,0,0.0,0.0,0,0,0,0,0,0,0,0,0,0.4,0.2,0.01,0.01,39.71,True,,2026-09-02T18:37:09Z
7411,Daffara,Parma,PAR,P,por,6,7,7,4,5,4 Low-Cost / Riserva,,,0,0.0,0.0,0,0,0,0,0,0,0,0,0,0.0,0.0,0.0,0.0,77.75,True,,2026-09-02T18:37:09Z
6640,Felici,Cagliari,CAG,C,w,5,5,7,4,5,4 Low-Cost a 1 cr,,,1,6.0,6.0,0,0,0,0,0,0,0,0,0,0.17,0.2,0.01,0.01,43.88,True,,2026-09-02T18:37:09Z
4461,Zappa,Cagliari,CAG,D,b;dd;e,4,4,7,4,5,4 Riserva a 1 cr,,,1,6.0,6.0,0,0,0,0,0,0,0,0,0,0.08,0.13,0.0,0.0,49.91,True,,2026-09-02T18:37:09Z
6424,Prati,Cagliari,CAG,C,m;c,4,4,7,4,5,4 Low-Cost a 1 cr,,,0,0.0,0.0,0,0,0,0,0,0,0,0,0,0.17,0.2,0.01,0.01,41.02,True,,2026-09-02T18:37:09Z
313,Morata,Como,COM,A,pc,4,4,7,4,5,5 Scommessa / Riserva,,,0,0.0,0.0,0,0,0,0,0,0,0,0,0,0.4,0.2,0.01,0.01,39.71,True,,2026-09-02T18:37:09Z
7162,Giovane,Napoli,NAP,A,a,4,4,7,4,5,5 Scommessa / Riserva,,,0,0.0,0.0,0,0,0,0,0,0,0,0,0,0.4,0.2,0.01,0.01,39.71,True,,2026-09-02T18:37:09Z
7272,Gueye,Udinese,UDI,A,pc,4,4,7,4,5,5 Scommessa / Riserva,,,2,5.75,5.75,0,0,0,0,0,0,0,0,0,0.4,0.2,0.01,0.01,39.71,True,,2026-09-02T18:37:09Z
6024,Sulemana I.,Verona,VER,C,m;c,3,3,7,4,5,4 Low-Cost a 1 cr,"1° Rigorista Parma, Punizioni",,0,0.0,0.0,0,0,0,0,0,0,0,0,0,1.68,1.4,0.05,0.04,49.22,True,,2026-09-02T18:37:09Z
6503,Stankovic A.,Inter,INT,C,m;c,3,3,7,4,5,4 Low-Cost a 1 cr,,,0,0.0,0.0,0,0,0,0,0,0,0,0,0,0.17,0.2,0.01,0.01,41.02,True,,2026-09-02T18:37:09Z
5813,Miretti,Juventus,JUV,C,c;t,3,3,7,4,5,4 Low-Cost a 1 cr,,,0,0.0,0.0,0,0,0,0,0,0,0,0,0,0.17,0.2,0.01,0.01,41.02,True,,2026-09-02T18:37:09Z
5457,Maleh,Lecce,LEC,C,m;c,3,2,7,4,5,4 Low-Cost a 1 cr,,,2,6.0,6.0,0,0,0,0,0,0,0,0,0,0.17,0.2,0.01,0.01,43.88,True,,2026-09-02T18:37:09Z
6985,Cand&#xE8;,Verona,VER,D,ds;dc,3,3,7,4,5,4 Riserva a 1 cr,,,0,0.0,0.0,0,0,0,0,0,0,0,0,0,0.08,0.13,0.0,0.0,45.66,True,,2026-09-02T18:37:09Z
6673,Sverko,Venezia,VEN,D,ds;dc,3,3,7,4,5,4 Riserva a 1 cr,,,0,0.0,0.0,0,0,0,0,0,0,0,0,0,0.08,0.13,0.0,0.0,45.66,True,,2026-09-02T18:37:09Z
7478,Franjic,Venezia,VEN,D,b;ds;e,3,2,7,4,5,4 Riserva a 1 cr,,,2,5.75,5.75,0,0,0,0,0,0,0,0,0,0.08,0.13,0.0,0.0,45.66,True,,2026-09-02T18:37:09Z
2728,Pellegrini Lu.,Lazio,LAZ,D,ds;e,2,2,7,4,5,4 Riserva a 1 cr,,,0,0.0,0.0,0,0,0,0,0,0,0,0,0,0.08,0.13,0.0,0.0,45.66,True,,2026-09-02T18:37:09Z
7213,Frigan,Parma,PAR,A,a,4,5,6,3,4,5 Scommessa / Riserva,,,0,0.0,0.0,0,0,0,0,0,0,0,0,0,0.4,0.2,0.01,0.01,40.03,True,,2026-09-02T18:37:09Z
6890,Moreno M.,Venezia,VEN,D,dc,4,5,6,3,4,4 Riserva a 1 cr,,,0,0.0,0.0,0,0,0,0,0,0,0,0,0,0.07,0.11,0.0,0.0,45.66,True,,2026-09-02T18:37:09Z
7540,Akpoguma,Empoli,EMP,D,dc,3,3,6,3,4,4 Riserva a 1 cr,,,0,0.0,0.0,0,0,0,0,0,0,0,0,0,0.07,0.11,0.0,0.0,45.66,True,,2026-09-02T18:37:09Z
6241,Gelli F.,Empoli,EMP,C,c;t,3,3,6,3,4,4 Low-Cost a 1 cr,,,0,0.0,0.0,0,0,0,0,0,0,0,0,0,0.15,0.17,0.0,0.01,41.05,True,,2026-09-02T18:37:09Z
7483,Alhassane,Bologna,BOL,D,ds;e,2,2,6,3,4,4 Riserva a 1 cr,,,1,6.0,6.0,0,0,0,0,0,0,0,0,0,0.07,0.11,0.0,0.0,50.65,True,,2026-09-02T18:37:09Z
5880,Ciurria,Monza,MON,C,e;w,2,2,6,3,4,4 Low-Cost a 1 cr,,,0,0.0,0.0,0,0,0,0,0,0,0,0,0,0.15,0.17,0.0,0.01,41.05,True,,2026-09-02T18:37:09Z
7418,Chakvetadze,Udinese,UDI,C,w;t,2,2,6,3,4,4 Low-Cost a 1 cr,,,0,0.0,0.0,0,0,0,0,0,0,0,0,0,0.15,0.17,0.0,0.01,41.05,True,,2026-09-02T18:37:09Z
218,Perin,Juventus,JUV,P,por,6,6,5,2,2,4 Low-Cost / Riserva,,,0,0.0,0.0,0,0,0,0,0,0,0,0,0,0.0,0.0,0.0,0.0,86.5,True,,2026-09-02T18:37:09Z
2170,Milinkovic-Savic V.,Napoli,NAP,P,por,5,5,5,2,2,4 Low-Cost / Riserva,,,0,0.0,0.0,0,0,0,0,0,0,0,0,0,0.0,0.0,0.0,0.0,86.5,True,,2026-09-02T18:37:09Z
7453,Havel,Genoa,GEN,A,pc,4,4,5,2,2,5 Scommessa / Riserva,,,0,0.0,0.0,0,0,0,0,0,0,0,0,0,0.4,0.2,0.01,0.01,40.59,True,,2026-09-02T18:37:09Z
4485,Thiam,Monza,MON,P,por,4,5,5,2,2,4 Low-Cost / Riserva,,,1,4.5,1.5,0,3,0,0,0,0,0,0,0,0.0,0.0,0.0,0.0,86.5,True,,2026-09-02T18:37:09Z
7546,Robinson J.,Monza,MON,A,a,4,4,5,2,2,5 Scommessa / Riserva,,,0,0.0,0.0,0,0,0,0,0,0,0,0,0,0.4,0.2,0.01,0.01,40.59,True,,2026-09-02T18:37:09Z
5498,Casale,Bologna,BOL,D,dc,3,3,5,2,2,4 Riserva a 1 cr,,,0,0.0,0.0,0,0,0,0,0,0,0,0,0,0.06,0.09,0.0,0.0,45.7,True,,2026-09-02T18:37:09Z
7128,Kuhn,Como,COM,A,w;a,3,3,5,2,2,5 Scommessa / Riserva,,,0,0.0,0.0,0,0,0,0,0,0,0,0,0,0.4,0.2,0.01,0.01,40.59,True,,2026-09-02T18:37:09Z
7183,Aboukhlal,Torino,TOR,C,w;a,3,3,5,2,2,4 Low-Cost a 1 cr,,,2,5.5,5.5,0,0,0,0,0,0,0,0,0,0.12,0.15,0.0,0.0,41.09,True,,2026-09-02T18:37:09Z
5994,Ebosse,Udinese,UDI,D,ds;dc,3,2,5,2,2,4 Riserva a 1 cr,,,2,5.75,5.75,0,0,0,0,0,0,0,0,0,0.06,0.09,0.0,0.0,45.7,True,,2026-09-02T18:37:09Z
6903,Hasa,Empoli,EMP,C,c;t,2,2,5,2,2,4 Low-Cost a 1 cr,,,1,6.0,6.0,0,0,0,0,0,0,0,0,0,0.12,0.15,0.0,0.0,45.37,True,,2026-09-02T18:37:09Z
6977,Otoa,Genoa,GEN,D,dc,2,2,5,2,2,4 Riserva a 1 cr,,,1,4.5,4.5,0,0,0,0,0,0,0,0,0,0.06,0.09,0.0,0.0,45.7,True,,2026-09-02T18:37:09Z
791,Sabelli,Genoa,GEN,D,dd;ds;e,2,2,5,2,2,4 Riserva a 1 cr,,,0,0.0,0.0,0,0,0,0,0,0,0,0,0,0.06,0.09,0.0,0.0,45.7,True,,2026-09-02T18:37:09Z
2814,Provedel,Inter,INT,P,por,2,2,5,2,2,4 Low-Cost / Riserva,,,0,0.0,0.0,0,0,0,0,0,0,0,0,0,0.0,0.0,0.0,0.0,86.5,True,,2026-09-02T18:37:09Z
2263,Lazzari,Lazio,LAZ,D,dd;e,2,2,5,2,2,4 Riserva a 1 cr,,,0,0.0,0.0,0,0,0,0,0,0,0,0,0,0.06,0.09,0.0,0.0,45.7,True,,2026-09-02T18:37:09Z
7182,Ndaba,Lecce,LEC,D,ds;e,2,1,5,2,2,4 Riserva a 1 cr,,,2,5.5,5.5,0,0,0,0,0,0,0,0,0,0.06,0.09,0.0,0.0,45.7,True,,2026-09-02T18:37:09Z
383,Petagna,Monza,MON,A,pc,2,2,5,2,2,5 Scommessa / Riserva,,,0,0.0,0.0,0,0,0,0,0,0,0,0,0,0.4,0.2,0.01,0.01,40.59,True,,2026-09-02T18:37:09Z
6219,Boloca,Verona,VER,C,m;c,2,2,5,2,2,4 Low-Cost a 1 cr,,,0,0.0,0.0,0,0,0,0,0,0,0,0,0,0.12,0.15,0.0,0.0,41.09,True,,2026-09-02T18:37:09Z
6246,Lipani,Verona,VER,C,m;c,2,2,5,2,2,4 Low-Cost a 1 cr,,,0,0.0,0.0,0,0,0,0,0,0,0,0,0,0.12,0.15,0.0,0.0,41.09,True,,2026-09-02T18:37:09Z
252,Biraghi,Torino,TOR,D,b;ds;e,2,2,5,2,2,4 Riserva a 1 cr,,,0,0.0,0.0,0,0,0,0,0,0,0,0,0,0.06,0.09,0.0,0.0,45.7,True,,2026-09-02T18:37:09Z
7548,Aurelio,Cagliari,CAG,D,ds;e,2,2,5,2,2,4 Riserva a 1 cr,,,0,0.0,0.0,0,0,0,0,0,0,0,0,0,0.06,0.09,0.0,0.0,45.7,True,,2026-09-02T18:37:09Z
6537,Goglichidze,Monza,MON,D,dd;dc,2,2,5,2,2,4 Riserva a 1 cr,,,0,0.0,0.0,0,0,0,0,0,0,0,0,0,0.06,0.09,0.0,0.0,45.7,True,,2026-09-02T18:37:09Z
7092,Jovanovic,Udinese,UDI,C,w;t,2,2,5,2,2,4 Low-Cost a 1 cr,,,0,0.0,0.0,0,0,0,0,0,0,0,0,0,0.12,0.15,0.0,0.0,41.09,True,,2026-09-02T18:37:09Z
7345,Przyborek,Lazio,LAZ,C,w;t,1,1,5,2,2,4 Low-Cost a 1 cr,,,0,0.0,0.0,0,0,0,0,0,0,0,0,0,0.12,0.15,0.0,0.0,41.09,True,,2026-09-02T18:37:09Z
7457,Mascardi,Torino,TOR,P,por,1,1,5,2,2,4 Low-Cost / Riserva,,,2,5.75,3.75,0,4,0,0,0,0,0,0,0,0.0,0.0,0.0,0.0,86.5,True,,2026-09-02T18:37:09Z
7477,Colombo L.,Monza,MON,C,m;c,3,3,4,2,2,4 Low-Cost a 1 cr,Rigorista Empoli,,0,0.0,0.0,0,0,0,0,0,0,0,0,0,1.6,0.15,0.05,0.0,50.6,True,,2026-09-02T18:37:09Z
6980,Venturino,Genoa,GEN,C,w,2,2,4,2,2,4 Low-Cost a 1 cr,,,0,0.0,0.0,0,0,0,0,0,0,0,0,0,0.1,0.15,0.0,0.0,40.96,True,,2026-09-02T18:37:09Z
6883,Jean,Lecce,LEC,D,dc,2,2,4,2,2,4 Riserva a 1 cr,,,0,0.0,0.0,0,0,0,0,0,0,0,0,0,0.05,0.07,0.0,0.0,45.57,True,,2026-09-02T18:37:09Z
7525,Diawara S.,Milan,MIL,D,ds;dc,2,2,4,2,2,4 Riserva a 1 cr,,,0,0.0,0.0,0,0,0,0,0,0,0,0,0,0.05,0.07,0.0,0.0,45.57,True,,2026-09-02T18:37:09Z
7476,Bakoune,Monza,MON,D,dd;e,2,1,4,2,2,4 Riserva a 1 cr,,,1,6.0,6.0,0,0,0,0,0,0,0,0,0,0.05,0.07,0.0,0.0,51.8,True,,2026-09-02T18:37:09Z
6212,Zarraga,Udinese,UDI,C,m;c,2,1,4,2,2,4 Low-Cost a 1 cr,,,1,6.0,6.0,0,0,0,0,0,0,0,0,0,0.1,0.15,0.0,0.0,45.24,True,,2026-09-02T18:37:09Z
7249,Buksa,Udinese,UDI,A,pc,2,2,4,2,2,5 Scommessa / Riserva,,,0,0.0,0.0,0,0,0,0,0,0,0,0,0,0.4,0.2,0.01,0.01,40.59,True,,2026-09-02T18:37:09Z
6681,Sagrado,Venezia,VEN,D,dd;e,2,2,4,2,2,4 Riserva a 1 cr,,,0,0.0,0.0,0,0,0,0,0,0,0,0,0,0.05,0.07,0.0,0.0,45.57,True,,2026-09-02T18:37:09Z
526,Duncan,Venezia,VEN,C,c,2,2,4,2,2,4 Low-Cost a 1 cr,,,0,0.0,0.0,0,0,0,0,0,0,0,0,0,0.1,0.15,0.0,0.0,40.96,True,,2026-09-02T18:37:09Z
7573,Cinquegrano,Verona,VER,D,dd;e,2,1,4,2,2,4 Riserva a 1 cr,,,2,5.75,5.75,0,0,0,0,0,0,0,0,0,0.05,0.07,0.0,0.0,45.57,True,,2026-09-02T18:37:09Z
5812,Terracciano F.,Milan,MIL,D,b;dd;ds,2,2,4,2,2,4 Riserva a 1 cr,,,0,0.0,0.0,0,0,0,0,0,0,0,0,0,0.05,0.07,0.0,0.0,45.57,True,,2026-09-02T18:37:09Z
487,De Silvestri,Bologna,BOL,D,dd;e,1,1,4,2,2,4 Riserva a 1 cr,,,0,0.0,0.0,0,0,0,0,0,0,0,0,0,0.05,0.07,0.0,0.0,45.57,True,,2026-09-02T18:37:09Z
6039,Cabal,Juventus,JUV,D,b;ds;e,1,1,4,2,2,4 Riserva a 1 cr,,,0,0.0,0.0,0,0,0,0,0,0,0,0,0,0.05,0.07,0.0,0.0,45.57,True,,2026-09-02T18:37:09Z
6981,Vaz,Roma,ROM,A,pc,1,1,4,2,2,5 Scommessa / Riserva,,,0,0.0,0.0,0,0,0,0,0,0,0,0,0,0.4,0.2,0.01,0.01,40.59,True,,2026-09-02T18:37:09Z
6889,Anjorin,Torino,TOR,C,c;t,1,1,4,2,2,4 Low-Cost a 1 cr,,,0,0.0,0.0,0,0,0,0,0,0,0,0,0,0.1,0.15,0.0,0.0,40.96,True,,2026-09-02T18:37:09Z
7125,Idrissi R.,Cagliari,CAG,D,ds;e,3,3,3,2,2,4 Riserva a 1 cr,,,0,0.0,0.0,0,0,0,0,0,0,0,0,0,0.05,0.05,0.0,0.0,45.52,True,,2026-09-02T18:37:09Z
5872,Helgason,Venezia,VEN,C,c;t,3,3,3,2,2,4 Low-Cost a 1 cr,,,0,0.0,0.0,0,0,0,0,0,0,0,0,0,0.1,0.15,0.0,0.0,40.96,True,,2026-09-02T18:37:09Z
7413,Puczka,Genoa,GEN,D,ds;e,2,2,3,2,2,4 Riserva a 1 cr,,,0,0.0,0.0,0,0,0,0,0,0,0,0,0,0.05,0.05,0.0,0.0,45.52,True,,2026-09-02T18:37:09Z
6191,Belahyane,Lazio,LAZ,C,m;c,2,1,3,2,2,4 Low-Cost a 1 cr,,,1,6.0,6.0,0,0,0,0,0,0,0,0,0,0.1,0.15,0.0,0.0,45.24,True,,2026-09-02T18:37:09Z
7276,Cremaschi,Parma,PAR,C,e;c,2,1,3,2,2,4 Low-Cost a 1 cr,,,1,5.5,5.5,0,0,0,0,0,0,0,0,0,0.1,0.15,0.0,0.0,40.96,True,,2026-09-02T18:37:09Z
5725,Kone B.,Empoli,EMP,C,c,1,1,3,2,2,4 Low-Cost a 1 cr,,,0,0.0,0.0,0,0,0,0,0,0,0,0,0,0.1,0.15,0.0,0.0,40.96,True,,2026-09-02T18:37:09Z
294,Rugani,Juventus,JUV,D,dc,1,1,3,2,2,4 Riserva a 1 cr,,,0,0.0,0.0,0,0,0,0,0,0,0,0,0,0.05,0.05,0.0,0.0,45.52,True,,2026-09-02T18:37:09Z
6809,Marianucci,Napoli,NAP,D,dc,1,1,3,2,2,4 Riserva a 1 cr,,,0,0.0,0.0,0,0,0,0,0,0,0,0,0,0.05,0.05,0.0,0.0,45.52,True,,2026-09-02T18:37:09Z
6149,Carboni F.,Parma,PAR,D,ds;e,1,1,3,2,2,4 Riserva a 1 cr,,,0,0.0,0.0,0,0,0,0,0,0,0,0,0,0.05,0.05,0.0,0.0,45.52,True,,2026-09-02T18:37:09Z
7356,Mlacic,Udinese,UDI,D,dc,1,1,3,2,2,4 Riserva a 1 cr,,,0,0.0,0.0,0,0,0,0,0,0,0,0,0,0.05,0.05,0.0,0.0,45.52,True,,2026-09-02T18:37:09Z
7392,Camara A.,Udinese,UDI,C,m;c,1,1,3,2,2,4 Low-Cost a 1 cr,,,0,0.0,0.0,0,0,0,0,0,0,0,0,0,0.1,0.15,0.0,0.0,40.96,True,,2026-09-02T18:37:09Z
7161,Bayo V.,Udinese,UDI,A,pc,1,1,3,2,2,5 Scommessa / Riserva,,,1,5.0,5.0,0,0,0,0,0,0,0,0,0,0.4,0.2,0.01,0.01,40.59,True,,2026-09-02T18:37:09Z
5485,Bjarkason,Venezia,VEN,C,e;w,1,1,3,2,2,4 Low-Cost a 1 cr,,,0,0.0,0.0,0,0,0,0,0,0,0,0,0,0.1,0.15,0.0,0.0,40.96,True,,2026-09-02T18:37:09Z
7622,Robinho Junior,Genoa,GEN,A,a,1,1,3,2,2,5 Scommessa / Riserva,,,0,0.0,0.0,0,0,0,0,0,0,0,0,0,0.4,0.2,0.01,0.01,40.59,True,,2026-09-02T18:37:09Z
7574,Foe Ondoa,Monza,MON,C,c,2,1,2,1,1,4 Low-Cost a 1 cr,,,1,5.5,5.5,0,0,0,0,0,0,0,0,0,0.1,0.15,0.0,0.0,41.44,True,,2026-09-02T18:37:09Z
7317,Trepy,Cagliari,CAG,A,pc,1,1,2,1,1,5 Scommessa / Riserva,,,0,0.0,0.0,0,0,0,0,0,0,0,0,0,0.4,0.2,0.01,0.01,41.92,True,,2026-09-02T18:37:09Z
7470,Oyono J.,Empoli,EMP,D,dd;e,1,1,2,1,1,4 Riserva a 1 cr,,,0,0.0,0.0,0,0,0,0,0,0,0,0,0,0.05,0.05,0.0,0.0,45.76,True,,2026-09-02T18:37:09Z
6245,Vogliacco,Genoa,GEN,D,dd;dc,1,1,2,1,1,4 Riserva a 1 cr,,,0,0.0,0.0,0,0,0,0,0,0,0,0,0,0.05,0.05,0.0,0.0,45.76,True,,2026-09-02T18:37:09Z
6244,Matturro,Genoa,GEN,D,ds;dc,1,1,2,1,1,4 Riserva a 1 cr,,,0,0.0,0.0,0,0,0,0,0,0,0,0,0,0.05,0.05,0.0,0.0,45.76,True,,2026-09-02T18:37:09Z
6410,Kaba,Lecce,LEC,C,m;c,1,1,2,1,1,4 Low-Cost a 1 cr,,,0,0.0,0.0,0,0,0,0,0,0,0,0,0,0.1,0.15,0.0,0.0,41.44,True,,2026-09-02T18:37:09Z
5399,Antov,Monza,MON,D,dc,1,1,2,1,1,4 Riserva a 1 cr,,,0,0.0,0.0,0,0,0,0,0,0,0,0,0,0.05,0.05,0.0,0.0,45.76,True,,2026-09-02T18:37:09Z
6189,Missori,Verona,VER,D,dd;e,1,1,2,1,1,4 Riserva a 1 cr,,,0,0.0,0.0,0,0,0,0,0,0,0,0,0,0.05,0.05,0.0,0.0,45.76,True,,2026-09-02T18:37:09Z
6826,Dembel&#xE8; A.,Lecce,LEC,D,dd;e,1,1,2,1,1,4 Riserva a 1 cr,,,0,0.0,0.0,0,0,0,0,0,0,0,0,0,0.05,0.05,0.0,0.0,45.76,True,,2026-09-02T18:37:09Z
7463,Desplanches,Empoli,EMP,P,por,2,2,1,1,1,4 Low-Cost / Riserva,,,0,0.0,0.0,0,0,0,0,0,0,0,0,0,0.0,0.0,0.0,0.0,86.5,True,,2026-09-02T18:37:09Z
6592,Forson O.,Monza,MON,C,w;t,2,1,1,1,1,4 Low-Cost a 1 cr,,,1,6.0,6.0,0,0,0,0,0,0,0,0,0,0.1,0.15,0.0,0.0,47.84,True,,2026-09-02T18:37:09Z
7615,Drobnic,Parma,PAR,D,dc,2,1,1,1,1,4 Riserva a 1 cr,,,1,5.5,5.5,0,0,0,0,0,0,0,0,0,0.05,0.05,0.0,0.0,45.76,True,,2026-09-02T18:37:09Z
2297,Rossi F.,Atalanta,ATA,P,por,1,1,1,1,1,4 Low-Cost / Riserva,,,0,0.0,0.0,0,0,0,0,0,0,0,0,0,0.0,0.0,0.0,0.0,86.5,True,,2026-09-02T18:37:09Z
4,Sportiello,Atalanta,ATA,P,por,1,1,1,1,1,4 Low-Cost / Riserva,,,0,0.0,0.0,0,0,0,0,0,0,0,0,0,0.0,0.0,0.0,0.0,86.5,True,,2026-09-02T18:37:09Z
7533,Happonen,Bologna,BOL,P,por,1,1,1,1,1,4 Low-Cost / Riserva,,,0,0.0,0.0,0,0,0,0,0,0,0,0,0,0.0,0.0,0.0,0.0,86.5,True,,2026-09-02T18:37:09Z
7172,Pessina Mas.,Bologna,BOL,P,por,1,1,1,1,1,4 Low-Cost / Riserva,,,0,0.0,0.0,0,0,0,0,0,0,0,0,0,0.0,0.0,0.0,0.0,86.5,True,,2026-09-02T18:37:09Z
4929,Ciocci,Cagliari,CAG,P,por,1,1,1,1,1,4 Low-Cost / Riserva,,,0,0.0,0.0,0,0,0,0,0,0,0,0,0,0.0,0.0,0.0,0.0,86.5,True,,2026-09-02T18:37:09Z
6650,Sherri,Cagliari,CAG,P,por,1,1,1,1,1,4 Low-Cost / Riserva,,,0,0.0,0.0,0,0,0,0,0,0,0,0,0,0.0,0.0,0.0,0.0,86.5,True,,2026-09-02T18:37:09Z
7346,Raterink,Cagliari,CAG,D,dd;e,1,1,1,1,1,4 Riserva a 1 cr,,,0,0.0,0.0,0,0,0,0,0,0,0,0,0,0.05,0.05,0.0,0.0,45.76,True,,2026-09-02T18:37:09Z
7165,Liteta,Cagliari,CAG,C,m;c,1,1,1,1,1,4 Low-Cost a 1 cr,,,0,0.0,0.0,0,0,0,0,0,0,0,0,0,0.1,0.15,0.0,0.0,41.44,True,,2026-09-02T18:37:09Z
7338,Albarracin,Cagliari,CAG,A,a,1,1,1,1,1,5 Scommessa / Riserva,,,0,0.0,0.0,0,0,0,0,0,0,0,0,0,0.4,0.2,0.01,0.01,41.92,True,,2026-09-02T18:37:09Z
2809,Vigorito,Como,COM,P,por,1,1,1,1,1,4 Low-Cost / Riserva,,,0,0.0,0.0,0,0,0,0,0,0,0,0,0,0.0,0.0,0.0,0.0,86.5,True,,2026-09-02T18:37:09Z
418,Goldaniga,Como,COM,D,dc,1,1,1,1,1,4 Riserva a 1 cr,,,0,0.0,0.0,0,0,0,0,0,0,0,0,0,0.05,0.05,0.0,0.0,45.76,True,,2026-09-02T18:37:09Z
7357,Lahdo,Como,COM,C,c;t,1,1,1,1,1,4 Low-Cost a 1 cr,,,0,0.0,0.0,0,0,0,0,0,0,0,0,0,0.1,0.15,0.0,0.0,41.44,True,,2026-09-02T18:37:09Z
7027,Azon,Como,COM,A,pc,1,1,1,1,1,5 Scommessa / Riserva,,,0,0.0,0.0,0,0,0,0,0,0,0,0,0,0.4,0.2,0.01,0.01,41.92,True,,2026-09-02T18:37:09Z
6403,Christensen O.,Fiorentina,FIO,P,por,1,1,1,1,1,4 Low-Cost / Riserva,,,0,0.0,0.0,0,0,0,0,0,0,0,0,0,0.0,0.0,0.0,0.0,86.5,True,,2026-09-02T18:37:09Z
158,Lezzerini,Fiorentina,FIO,P,por,1,1,1,1,1,4 Low-Cost / Riserva,,,0,0.0,0.0,0,0,0,0,0,0,0,0,0,0.0,0.0,0.0,0.0,86.5,True,,2026-09-02T18:37:09Z
7466,Lolic,Empoli,EMP,P,por,1,1,1,1,1,4 Low-Cost / Riserva,,,0,0.0,0.0,0,0,0,0,0,0,0,0,0,0.0,0.0,0.0,0.0,86.5,True,,2026-09-02T18:37:09Z
5424,Amey,Empoli,EMP,D,dc,1,1,1,1,1,4 Riserva a 1 cr,,,0,0.0,0.0,0,0,0,0,0,0,0,0,0,0.05,0.05,0.0,0.0,45.76,True,,2026-09-02T18:37:09Z
7468,Gelli J.,Empoli,EMP,D,dc,1,1,1,1,1,4 Riserva a 1 cr,,,0,0.0,0.0,0,0,0,0,0,0,0,0,0,0.05,0.05,0.0,0.0,45.76,True,,2026-09-02T18:37:09Z
7471,Corrado,Empoli,EMP,D,ds;e,1,1,1,1,1,4 Riserva a 1 cr,,,0,0.0,0.0,0,0,0,0,0,0,0,0,0,0.05,0.05,0.0,0.0,45.76,True,,2026-09-02T18:37:09Z
7456,El Azzouzi A.,Empoli,EMP,C,m;c,1,1,1,1,1,4 Low-Cost a 1 cr,,,0,0.0,0.0,0,0,0,0,0,0,0,0,0,0.1,0.15,0.0,0.0,41.44,True,,2026-09-02T18:37:09Z
219,Sommariva,Genoa,GEN,P,por,1,1,1,1,1,4 Low-Cost / Riserva,,,0,0.0,0.0,0,0,0,0,0,0,0,0,0,0.0,0.0,0.0,0.0,86.5,True,,2026-09-02T18:37:09Z
6569,Stolz,Genoa,GEN,P,por,1,1,1,1,1,4 Low-Cost / Riserva,,,0,0.0,0.0,0,0,0,0,0,0,0,0,0,0.0,0.0,0.0,0.0,86.5,True,,2026-09-02T18:37:09Z
1926,Di Gennaro,Inter,INT,P,por,1,1,1,1,1,4 Low-Cost / Riserva,,,0,0.0,0.0,0,0,0,0,0,0,0,0,0,0.0,0.0,0.0,0.0,86.5,True,,2026-09-02T18:37:09Z
1930,Pinsoglio,Juventus,JUV,P,por,1,1,1,1,1,4 Low-Cost / Riserva,,,0,0.0,0.0,0,0,0,0,0,0,0,0,0,0.0,0.0,0.0,0.0,86.5,True,,2026-09-02T18:37:09Z
7337,Motta,Lazio,LAZ,P,por,1,1,1,1,1,4 Low-Cost / Riserva,,,0,0.0,0.0,0,0,0,0,0,0,0,0,0,0.0,0.0,0.0,0.0,86.5,True,,2026-09-02T18:37:09Z
7534,Renzetti,Lazio,LAZ,P,por,1,1,1,1,1,4 Low-Cost / Riserva,,,0,0.0,0.0,0,0,0,0,0,0,0,0,0,0.0,0.0,0.0,0.0,86.5,True,,2026-09-02T18:37:09Z
327,Patric,Lazio,LAZ,D,dd;dc,1,1,1,1,1,4 Riserva a 1 cr,,,0,0.0,0.0,0,0,0,0,0,0,0,0,0,0.05,0.05,0.0,0.0,45.76,True,,2026-09-02T18:37:09Z
2401,Fruchtl,Lecce,LEC,P,por,1,1,1,1,1,4 Low-Cost / Riserva,,,0,0.0,0.0,0,0,0,0,0,0,0,0,0,0.0,0.0,0.0,0.0,86.5,True,,2026-09-02T18:37:09Z
6523,Samooja,Lecce,LEC,P,por,1,1,1,1,1,4 Low-Cost / Riserva,,,0,0.0,0.0,0,0,0,0,0,0,0,0,0,0.0,0.0,0.0,0.0,86.5,True,,2026-09-02T18:37:09Z
7164,Perez M.,Lecce,LEC,D,dd;dc,1,1,1,1,1,4 Riserva a 1 cr,,,0,0.0,0.0,0,0,0,0,0,0,0,0,0,0.05,0.05,0.0,0.0,45.76,True,,2026-09-02T18:37:09Z
7319,Fofana Sa.,Lecce,LEC,C,m;c,1,1,1,1,1,4 Low-Cost a 1 cr,,,0,0.0,0.0,0,0,0,0,0,0,0,0,0,0.1,0.15,0.0,0.0,41.44,True,,2026-09-02T18:37:09Z
2815,Terracciano,Milan,MIL,P,por,1,1,1,1,1,4 Low-Cost / Riserva,,,0,0.0,0.0,0,0,0,0,0,0,0,0,0,0.0,0.0,0.0,0.0,86.5,True,,2026-09-02T18:37:09Z
6813,Torriani,Milan,MIL,P,por,1,1,1,1,1,4 Low-Cost / Riserva,,,0,0.0,0.0,0,0,0,0,0,0,0,0,0,0.0,0.0,0.0,0.0,86.5,True,,2026-09-02T18:37:09Z
6682,Pizzignacco,Monza,MON,P,por,1,1,1,1,1,4 Low-Cost / Riserva,,,1,5.0,1.0,0,4,0,0,0,0,0,0,0,0.0,0.0,0.0,0.0,86.5,True,,2026-09-02T18:37:09Z
7475,Strajnar,Monza,MON,P,por,1,1,1,1,1,4 Low-Cost / Riserva,,,0,0.0,0.0,0,0,0,0,0,0,0,0,0,0.0,0.0,0.0,0.0,86.5,True,,2026-09-02T18:37:09Z
2845,Contini,Napoli,NAP,P,por,1,1,1,1,1,4 Low-Cost / Riserva,,,0,0.0,0.0,0,0,0,0,0,0,0,0,0,0.0,0.0,0.0,0.0,86.5,True,,2026-09-02T18:37:09Z
7048,De Marzi,Roma,ROM,P,por,1,1,1,1,1,4 Low-Cost / Riserva,,,0,0.0,0.0,0,0,0,0,0,0,0,0,0,0.0,0.0,0.0,0.0,86.5,True,,2026-09-02T18:37:09Z
610,Gollini,Roma,ROM,P,por,1,1,1,1,1,4 Low-Cost / Riserva,,,0,0.0,0.0,0,0,0,0,0,0,0,0,0,0.0,0.0,0.0,0.0,86.5,True,,2026-09-02T18:37:09Z
4518,Russo A.,Verona,VER,P,por,1,1,1,1,1,4 Low-Cost / Riserva,,,0,0.0,0.0,0,0,0,0,0,0,0,0,0,0.0,0.0,0.0,0.0,86.5,True,,2026-09-02T18:37:09Z
4867,Turati,Verona,VER,P,por,1,1,1,1,1,4 Low-Cost / Riserva,,,0,0.0,0.0,0,0,0,0,0,0,0,0,0,0.0,0.0,0.0,0.0,86.5,True,,2026-09-02T18:37:09Z
7156,Pieragnolo,Verona,VER,D,ds;e,1,1,1,1,1,4 Riserva a 1 cr,,,0,0.0,0.0,0,0,0,0,0,0,0,0,0,0.05,0.05,0.0,0.0,45.76,True,,2026-09-02T18:37:09Z
7157,Iannoni,Verona,VER,C,m;c,1,1,1,1,1,4 Low-Cost a 1 cr,,,0,0.0,0.0,0,0,0,0,0,0,0,0,0,0.1,0.15,0.0,0.0,41.44,True,,2026-09-02T18:37:09Z
7158,Moro L.,Verona,VER,A,pc,1,1,1,1,1,5 Scommessa / Riserva,,,0,0.0,0.0,0,0,0,0,0,0,0,0,0,0.4,0.2,0.01,0.01,41.92,True,,2026-09-02T18:37:09Z
5320,Paleari,Torino,TOR,P,por,1,1,1,1,1,4 Low-Cost / Riserva,,,0,0.0,0.0,0,0,0,0,0,0,0,0,0,0.0,0.0,0.0,0.0,86.5,True,,2026-09-02T18:37:09Z
7363,Siviero,Torino,TOR,P,por,1,1,1,1,1,4 Low-Cost / Riserva,,,0,0.0,0.0,0,0,0,0,0,0,0,0,0,0.0,0.0,0.0,0.0,86.5,True,,2026-09-02T18:37:09Z
543,Padelli,Udinese,UDI,P,por,1,1,1,1,1,4 Low-Cost / Riserva,,,0,0.0,0.0,0,0,0,0,0,0,0,0,0,0.0,0.0,0.0,0.0,86.5,True,,2026-09-02T18:37:09Z
5707,Piana,Udinese,UDI,P,por,1,1,1,1,1,4 Low-Cost / Riserva,,,0,0.0,0.0,0,0,0,0,0,0,0,0,0,0.0,0.0,0.0,0.0,86.5,True,,2026-09-02T18:37:09Z
6671,Grandi,Venezia,VEN,P,por,1,1,1,1,1,4 Low-Cost / Riserva,,,0,0.0,0.0,0,0,0,0,0,0,0,0,0,0.0,0.0,0.0,0.0,86.5,True,,2026-09-02T18:37:09Z
7531,Pozzi,Venezia,VEN,P,por,1,1,1,1,1,4 Low-Cost / Riserva,,,0,0.0,0.0,0,0,0,0,0,0,0,0,0,0.0,0.0,0.0,0.0,86.5,True,,2026-09-02T18:37:09Z
7454,Gomes,Venezia,VEN,D,ds;dc,1,1,1,1,1,4 Riserva a 1 cr,,,0,0.0,0.0,0,0,0,0,0,0,0,0,0,0.05,0.05,0.0,0.0,45.76,True,,2026-09-02T18:37:09Z
7481,Dagasso,Venezia,VEN,C,c,1,1,1,1,1,4 Low-Cost a 1 cr,,,1,5.0,4.5,0,0,0,0,0,0,1,0,0,0.1,0.15,0.0,0.0,41.44,True,,2026-09-02T18:37:09Z
7408,Lisman,Venezia,VEN,A,w;a,1,1,1,1,1,5 Scommessa / Riserva,"1° Rigorista Parma, Punizioni",,0,0.0,0.0,0,0,0,0,0,0,0,0,0,2.55,0.2,0.07,0.01,59.98,True,,2026-09-02T18:37:09Z
7482,Lauberbach,Venezia,VEN,A,pc,1,1,1,1,1,5 Scommessa / Riserva,,,0,0.0,0.0,0,0,0,0,0,0,0,0,0,0.4,0.2,0.01,0.01,41.92,True,,2026-09-02T18:37:09Z
7545,Vismara,Atalanta,ATA,P,por,1,1,1,1,1,4 Low-Cost / Riserva,,,0,0.0,0.0,0,0,0,0,0,0,0,0,0,0.0,0.0,0.0,0.0,86.5,True,,2026-09-02T18:37:09Z
2127,Satalino,Verona,VER,P,por,1,1,1,1,1,4 Low-Cost / Riserva,,,0,0.0,0.0,0,0,0,0,0,0,0,0,0,0.0,0.0,0.0,0.0,86.5,True,,2026-09-02T18:37:09Z
7557,Penev,Lecce,LEC,P,por,1,1,1,1,1,4 Low-Cost / Riserva,,,0,0.0,0.0,0,0,0,0,0,0,0,0,0,0.0,0.0,0.0,0.0,86.5,True,,2026-09-02T18:37:09Z
7560,Pisseri,Empoli,EMP,P,por,1,1,1,1,1,4 Low-Cost / Riserva,,,0,0.0,0.0,0,0,0,0,0,0,0,0,0,0.0,0.0,0.0,0.0,86.5,True,,2026-09-02T18:37:09Z
3,Radunovic,Cagliari,CAG,P,por,1,1,1,1,1,4 Low-Cost / Riserva,,,0,0.0,0.0,0,0,0,0,0,0,0,0,0,0.0,0.0,0.0,0.0,86.5,True,,2026-09-02T18:37:09Z
7568,De Martis,Parma,PAR,A,pc,1,1,1,1,1,5 Scommessa / Riserva,,,0,0.0,0.0,0,0,0,0,0,0,0,0,0,0.4,0.2,0.01,0.01,41.92,True,,2026-09-02T18:37:09Z
4957,Montip&#xF2;,Venezia,VEN,P,por,1,1,1,1,1,4 Low-Cost / Riserva,,,0,0.0,0.0,0,0,0,0,0,0,0,0,0,0.0,0.0,0.0,0.0,86.5,True,,2026-09-02T18:37:09Z
7553,Omar Fayed,Empoli,EMP,D,dc,1,1,1,1,1,4 Riserva a 1 cr,,,0,0.0,0.0,0,0,0,0,0,0,0,0,0,0.05,0.05,0.0,0.0,45.76,True,,2026-09-02T18:37:09Z
4468,Bleve,Lecce,LEC,P,por,1,1,1,1,1,4 Low-Cost / Riserva,,,0,0.0,0.0,0,0,0,0,0,0,0,0,0,0.0,0.0,0.0,0.0,86.5,True,,2026-09-02T18:37:09Z
7571,Laerke,Lecce,LEC,C,w;a,1,1,1,1,1,4 Low-Cost a 1 cr,,,0,0.0,0.0,0,0,0,0,0,0,0,0,0,0.1,0.15,0.0,0.0,41.44,True,,2026-09-02T18:37:09Z
7572,Comotto,Milan,MIL,C,m;c,1,1,1,1,1,4 Low-Cost a 1 cr,,,0,0.0,0.0,0,0,0,0,0,0,0,0,0,0.1,0.15,0.0,0.0,41.44,True,,2026-09-02T18:37:09Z
7396,Macchioni,Verona,VER,D,dc,1,1,1,1,1,4 Riserva a 1 cr,,,0,0.0,0.0,0,0,0,0,0,0,0,0,0,0.05,0.05,0.0,0.0,45.76,True,,2026-09-02T18:37:09Z
5462,Ciervo,Cagliari,CAG,C,w,1,1,1,1,1,4 Low-Cost a 1 cr,,,0,0.0,0.0,0,0,0,0,0,0,0,0,0,0.1,0.15,0.0,0.0,41.44,True,,2026-09-02T18:37:09Z
7603,Grabara,Juventus,JUV,P,por,1,1,1,1,1,4 Low-Cost / Riserva,,,0,0.0,0.0,0,0,0,0,0,0,0,0,0,0.0,0.0,0.0,0.0,86.5,True,,2026-09-02T18:37:09Z
7604,Maye,Monza,MON,D,ds;dc,1,1,1,1,1,4 Riserva a 1 cr,,,0,0.0,0.0,0,0,0,0,0,0,0,0,0,0.05,0.05,0.0,0.0,45.76,True,,2026-09-02T18:37:09Z
7611,Mrozek,Udinese,UDI,P,por,1,1,1,1,1,4 Low-Cost / Riserva,,,0,0.0,0.0,0,0,0,0,0,0,0,0,0,0.0,0.0,0.0,0.0,86.5,True,,2026-09-02T18:37:09Z
2874,Ghidotti,Parma,PAR,P,por,1,1,1,1,1,4 Low-Cost / Riserva,,,0,0.0,0.0,0,0,0,0,0,0,0,0,0,0.0,0.0,0.0,0.0,86.5,True,,2026-09-02T18:37:09Z
7626,Pompei,Atalanta,ATA,P,por,1,1,1,1,1,4 Low-Cost / Riserva,,,0,0.0,0.0,0,0,0,0,0,0,0,0,0,0.0,0.0,0.0,0.0,86.5,True,,2026-09-02T18:37:09Z
